row	word	verdicts	sweep_s	first_in_list	rc	diverged	platform	tree	wall_s	post_s
archive/tar	PASS	98	128	1	0	0	windows/amd64	0dc65a8e8dd8a77d0a5f1b6aba6b70eb11663f5f	128	0
bufio	PASS	80	25	0	0	0	windows/amd64	0dc65a8e8dd8a77d0a5f1b6aba6b70eb11663f5f	25	0
bytes	PASS	83	29	0	0	0	windows/amd64	0dc65a8e8dd8a77d0a5f1b6aba6b70eb11663f5f	29	0
cmp	PASS	4	22	0	0	0	windows/amd64	0dc65a8e8dd8a77d0a5f1b6aba6b70eb11663f5f	22	0
compress/lzw	PASS	17	23	0	0	0	windows/amd64	0dc65a8e8dd8a77d0a5f1b6aba6b70eb11663f5f	23	0
container/heap	PASS	7	22	0	0	0	windows/amd64	0dc65a8e8dd8a77d0a5f1b6aba6b70eb11663f5f	22	0
context	PASS	57	41	0	0	0	windows/amd64	0dc65a8e8dd8a77d0a5f1b6aba6b70eb11663f5f	41	0
crypto	PASS	6	53	0	0	0	windows/amd64	0dc65a8e8dd8a77d0a5f1b6aba6b70eb11663f5f	53	0
crypto/cipher	PASS	27272	62	0	0	0	windows/amd64	0dc65a8e8dd8a77d0a5f1b6aba6b70eb11663f5f	62	3
crypto/ecdsa	PASS	77	57	0	0	0	windows/amd64	0dc65a8e8dd8a77d0a5f1b6aba6b70eb11663f5f	57	0
crypto/ed25519	PASS	9	34	0	0	0	windows/amd64	0dc65a8e8dd8a77d0a5f1b6aba6b70eb11663f5f	34	0
crypto/elliptic	PASS	82	27	0	0	0	windows/amd64	0dc65a8e8dd8a77d0a5f1b6aba6b70eb11663f5f	27	0
crypto/hmac	PASS	172	31	0	0	0	windows/amd64	0dc65a8e8dd8a77d0a5f1b6aba6b70eb11663f5f	31	0
crypto/internal/boring	PASS	3	23	0	0	0	windows/amd64	0dc65a8e8dd8a77d0a5f1b6aba6b70eb11663f5f	23	0
crypto/internal/boring/bcache	PASS	1	30	0	0	0	windows/amd64	0dc65a8e8dd8a77d0a5f1b6aba6b70eb11663f5f	30	0
crypto/internal/fips140/bigmod	PASS	79	26	0	0	0	windows/amd64	0dc65a8e8dd8a77d0a5f1b6aba6b70eb11663f5f	26	0
crypto/internal/fips140/ecdsa	PASS	10	25	0	0	0	windows/amd64	0dc65a8e8dd8a77d0a5f1b6aba6b70eb11663f5f	25	0
crypto/internal/fips140/edwards25519/field	PASS	16	47	0	0	0	windows/amd64	0dc65a8e8dd8a77d0a5f1b6aba6b70eb11663f5f	47	0
crypto/internal/fips140deps	PASS	1	22	0	0	0	windows/amd64	0dc65a8e8dd8a77d0a5f1b6aba6b70eb11663f5f	22	0
crypto/internal/hpke	PASS	19	29	0	0	0	windows/amd64	0dc65a8e8dd8a77d0a5f1b6aba6b70eb11663f5f	29	0
crypto/internal/sysrand	PASS	6	38	0	0	0	windows/amd64	0dc65a8e8dd8a77d0a5f1b6aba6b70eb11663f5f	38	0
crypto/rand	DIVERGED	315	46	0	1	1	windows/amd64	0dc65a8e8dd8a77d0a5f1b6aba6b70eb11663f5f	46	0
crypto/rsa	PASS	568	86	0	0	0	windows/amd64	0dc65a8e8dd8a77d0a5f1b6aba6b70eb11663f5f	86	0
crypto/sha1	PASS	12	26	0	0	0	windows/amd64	0dc65a8e8dd8a77d0a5f1b6aba6b70eb11663f5f	26	0
crypto/sha256	PASS	22	25	0	0	0	windows/amd64	0dc65a8e8dd8a77d0a5f1b6aba6b70eb11663f5f	25	0
crypto/sha3	BUILD	NOMATCH	25	0	1	n/a	windows/amd64	0dc65a8e8dd8a77d0a5f1b6aba6b70eb11663f5f	25	0
database/sql/driver	PASS	1	21	0	0	0	windows/amd64	0dc65a8e8dd8a77d0a5f1b6aba6b70eb11663f5f	21	0
debug/buildinfo	PASS	211	48	0	0	0	windows/amd64	0dc65a8e8dd8a77d0a5f1b6aba6b70eb11663f5f	48	0
debug/dwarf	PASS	40	30	0	0	0	windows/amd64	0dc65a8e8dd8a77d0a5f1b6aba6b70eb11663f5f	30	0
debug/gosym	PASS	10	25	0	0	0	windows/amd64	0dc65a8e8dd8a77d0a5f1b6aba6b70eb11663f5f	25	0
debug/pe	PASS	10	37	0	0	0	windows/amd64	0dc65a8e8dd8a77d0a5f1b6aba6b70eb11663f5f	37	0
encoding/ascii85	PASS	9	19	0	0	0	windows/amd64	0dc65a8e8dd8a77d0a5f1b6aba6b70eb11663f5f	19	0
encoding/asn1	PASS	40	24	0	0	0	windows/amd64	0dc65a8e8dd8a77d0a5f1b6aba6b70eb11663f5f	24	0
encoding/base64	PASS	17	20	0	0	0	windows/amd64	0dc65a8e8dd8a77d0a5f1b6aba6b70eb11663f5f	20	0
encoding/binary	PASS	140	22	0	0	0	windows/amd64	0dc65a8e8dd8a77d0a5f1b6aba6b70eb11663f5f	22	0
encoding/gob	PASS	106	56	0	0	0	windows/amd64	0dc65a8e8dd8a77d0a5f1b6aba6b70eb11663f5f	56	0
encoding/json	BUILD	NOMATCH	102	0	1	n/a	windows/amd64	0dc65a8e8dd8a77d0a5f1b6aba6b70eb11663f5f	102	0
encoding/pem	PASS	18	23	0	0	0	windows/amd64	0dc65a8e8dd8a77d0a5f1b6aba6b70eb11663f5f	23	0
encoding/xml	PASS	387	53	0	0	0	windows/amd64	0dc65a8e8dd8a77d0a5f1b6aba6b70eb11663f5f	53	0
errors	PASS	61	21	0	0	0	windows/amd64	0dc65a8e8dd8a77d0a5f1b6aba6b70eb11663f5f	21	0
go/build	PASS	57	39	0	0	0	windows/amd64	0dc65a8e8dd8a77d0a5f1b6aba6b70eb11663f5f	39	0
go/build/constraint	PASS	89	20	0	0	0	windows/amd64	0dc65a8e8dd8a77d0a5f1b6aba6b70eb11663f5f	20	0
go/format	PASS	4	26	0	0	0	windows/amd64	0dc65a8e8dd8a77d0a5f1b6aba6b70eb11663f5f	26	0
go/importer	PASS	3	62	0	0	0	windows/amd64	0dc65a8e8dd8a77d0a5f1b6aba6b70eb11663f5f	62	0
go/internal/gccgoimporter	PASS	4	30	0	0	0	windows/amd64	0dc65a8e8dd8a77d0a5f1b6aba6b70eb11663f5f	30	0
go/internal/gcimporter	PASS	621	337	0	0	0	windows/amd64	0dc65a8e8dd8a77d0a5f1b6aba6b70eb11663f5f	337	0
go/internal/srcimporter	PASS	7	34	0	0	0	windows/amd64	0dc65a8e8dd8a77d0a5f1b6aba6b70eb11663f5f	34	0
go/token	PASS	31	24	0	0	0	windows/amd64	0dc65a8e8dd8a77d0a5f1b6aba6b70eb11663f5f	24	0
hash	PASS	18	27	0	0	0	windows/amd64	0dc65a8e8dd8a77d0a5f1b6aba6b70eb11663f5f	27	0
hash/crc64	PASS	5	20	0	0	0	windows/amd64	0dc65a8e8dd8a77d0a5f1b6aba6b70eb11663f5f	20	0
html	PASS	3	21	0	0	0	windows/amd64	0dc65a8e8dd8a77d0a5f1b6aba6b70eb11663f5f	21	0
html/template	PASS	243	50	0	0	0	windows/amd64	0dc65a8e8dd8a77d0a5f1b6aba6b70eb11663f5f	50	0
image	PASS	8	32	0	0	0	windows/amd64	0dc65a8e8dd8a77d0a5f1b6aba6b70eb11663f5f	32	0
image/color	PASS	10	19	0	0	0	windows/amd64	0dc65a8e8dd8a77d0a5f1b6aba6b70eb11663f5f	19	0
image/jpeg	PASS	14	25	0	0	0	windows/amd64	0dc65a8e8dd8a77d0a5f1b6aba6b70eb11663f5f	25	0
internal/abi	PASS	1	25	0	0	0	windows/amd64	0dc65a8e8dd8a77d0a5f1b6aba6b70eb11663f5f	25	0
internal/copyright	PASS	1	24	0	0	0	windows/amd64	0dc65a8e8dd8a77d0a5f1b6aba6b70eb11663f5f	24	0
internal/coverage/cformat	PASS	2	21	0	0	0	windows/amd64	0dc65a8e8dd8a77d0a5f1b6aba6b70eb11663f5f	21	0
internal/coverage/pods	PASS	1	22	0	0	0	windows/amd64	0dc65a8e8dd8a77d0a5f1b6aba6b70eb11663f5f	22	0
internal/coverage/slicewriter	PASS	1	20	0	0	0	windows/amd64	0dc65a8e8dd8a77d0a5f1b6aba6b70eb11663f5f	20	0
internal/coverage/test	PASS	6	27	0	0	0	windows/amd64	0dc65a8e8dd8a77d0a5f1b6aba6b70eb11663f5f	27	0
internal/cpu	PASS	8	22	0	0	0	windows/amd64	0dc65a8e8dd8a77d0a5f1b6aba6b70eb11663f5f	22	0
internal/diff	PASS	13	23	0	0	0	windows/amd64	0dc65a8e8dd8a77d0a5f1b6aba6b70eb11663f5f	23	0
internal/gover	PASS	5	19	0	0	0	windows/amd64	0dc65a8e8dd8a77d0a5f1b6aba6b70eb11663f5f	19	0
internal/itoa	PASS	3	20	0	0	0	windows/amd64	0dc65a8e8dd8a77d0a5f1b6aba6b70eb11663f5f	20	0
internal/pkgbits	PASS	2	25	0	0	0	windows/amd64	0dc65a8e8dd8a77d0a5f1b6aba6b70eb11663f5f	25	0
internal/poll	PASS	19	36	0	0	0	windows/amd64	0dc65a8e8dd8a77d0a5f1b6aba6b70eb11663f5f	36	0
internal/profile	PASS	1	25	0	0	0	windows/amd64	0dc65a8e8dd8a77d0a5f1b6aba6b70eb11663f5f	25	0
internal/runtime/maps	DIVERGED	111	100	0	1	108	windows/amd64	0dc65a8e8dd8a77d0a5f1b6aba6b70eb11663f5f	100	0
internal/runtime/sys	PASS	4	22	0	0	0	windows/amd64	0dc65a8e8dd8a77d0a5f1b6aba6b70eb11663f5f	22	0
internal/synctest	BUILD	NOMATCH	18	0	1	n/a	windows/amd64	0dc65a8e8dd8a77d0a5f1b6aba6b70eb11663f5f	18	0
internal/testenv	PASS	7	26	0	0	0	windows/amd64	0dc65a8e8dd8a77d0a5f1b6aba6b70eb11663f5f	26	0
internal/trace/internal/oldtrace	PASS	3	30	0	0	0	windows/amd64	0dc65a8e8dd8a77d0a5f1b6aba6b70eb11663f5f	30	0
internal/types/errors	PASS	155	84	0	0	0	windows/amd64	0dc65a8e8dd8a77d0a5f1b6aba6b70eb11663f5f	84	0
internal/zstd	PASS	536	28	0	0	0	windows/amd64	0dc65a8e8dd8a77d0a5f1b6aba6b70eb11663f5f	28	0
io	PASS	60	28	0	0	0	windows/amd64	0dc65a8e8dd8a77d0a5f1b6aba6b70eb11663f5f	28	0
log	PASS	8	21	0	0	0	windows/amd64	0dc65a8e8dd8a77d0a5f1b6aba6b70eb11663f5f	21	0
log/slog	DIVERGED	197	119	0	1	1	windows/amd64	0dc65a8e8dd8a77d0a5f1b6aba6b70eb11663f5f	119	0
maps	PASS	14	19	0	0	0	windows/amd64	0dc65a8e8dd8a77d0a5f1b6aba6b70eb11663f5f	19	0
math	PASS	76	23	0	0	0	windows/amd64	0dc65a8e8dd8a77d0a5f1b6aba6b70eb11663f5f	23	0
math/big	PASS	230	58	0	0	0	windows/amd64	0dc65a8e8dd8a77d0a5f1b6aba6b70eb11663f5f	58	0
math/bits	PASS	26	21	0	0	0	windows/amd64	0dc65a8e8dd8a77d0a5f1b6aba6b70eb11663f5f	21	0
mime	PASS	17	23	0	0	0	windows/amd64	0dc65a8e8dd8a77d0a5f1b6aba6b70eb11663f5f	23	0
net/http/cookiejar	PASS	17	94	0	0	0	windows/amd64	0dc65a8e8dd8a77d0a5f1b6aba6b70eb11663f5f	94	0
net/http/httptrace	PASS	2	35	0	0	0	windows/amd64	0dc65a8e8dd8a77d0a5f1b6aba6b70eb11663f5f	35	0
net/http/internal	PASS	14	22	0	0	0	windows/amd64	0dc65a8e8dd8a77d0a5f1b6aba6b70eb11663f5f	22	0
net/http/internal/ascii	PASS	13	21	0	0	0	windows/amd64	0dc65a8e8dd8a77d0a5f1b6aba6b70eb11663f5f	21	0
net/internal/cgotest	PASS	1	18	0	0	0	windows/amd64	0dc65a8e8dd8a77d0a5f1b6aba6b70eb11663f5f	18	0
net/mail	PASS	11	25	0	0	0	windows/amd64	0dc65a8e8dd8a77d0a5f1b6aba6b70eb11663f5f	25	0
net/rpc	PASS	15	53	0	0	0	windows/amd64	0dc65a8e8dd8a77d0a5f1b6aba6b70eb11663f5f	53	0
net/rpc/jsonrpc	PASS	9	47	0	0	0	windows/amd64	0dc65a8e8dd8a77d0a5f1b6aba6b70eb11663f5f	47	0
net/url	PASS	49	26	0	0	0	windows/amd64	0dc65a8e8dd8a77d0a5f1b6aba6b70eb11663f5f	26	0
os	PASS	1103	78	0	0	0	windows/amd64	0dc65a8e8dd8a77d0a5f1b6aba6b70eb11663f5f	78	0
os/exec	PASS	116	223	0	0	0	windows/amd64	0dc65a8e8dd8a77d0a5f1b6aba6b70eb11663f5f	223	0
path	PASS	9	20	0	0	0	windows/amd64	0dc65a8e8dd8a77d0a5f1b6aba6b70eb11663f5f	20	0
path/filepath	PASS	61	29	0	0	0	windows/amd64	0dc65a8e8dd8a77d0a5f1b6aba6b70eb11663f5f	29	0
reflect	DIVERGED	414	86	0	1	226	windows/amd64	0dc65a8e8dd8a77d0a5f1b6aba6b70eb11663f5f	86	0
runtime/internal/wasitest	PASS	1	21	0	0	0	windows/amd64	0dc65a8e8dd8a77d0a5f1b6aba6b70eb11663f5f	21	0
slices	PASS	120	25	0	0	0	windows/amd64	0dc65a8e8dd8a77d0a5f1b6aba6b70eb11663f5f	25	0
sort	PASS	63	27	0	0	0	windows/amd64	0dc65a8e8dd8a77d0a5f1b6aba6b70eb11663f5f	27	0
testing/fstest	PASS	7	22	0	0	0	windows/amd64	0dc65a8e8dd8a77d0a5f1b6aba6b70eb11663f5f	22	0
testing/quick	PASS	8	22	0	0	0	windows/amd64	0dc65a8e8dd8a77d0a5f1b6aba6b70eb11663f5f	22	0
testing/slogtest	PASS	17	27	0	0	0	windows/amd64	0dc65a8e8dd8a77d0a5f1b6aba6b70eb11663f5f	27	0
text/tabwriter	PASS	3	20	0	0	0	windows/amd64	0dc65a8e8dd8a77d0a5f1b6aba6b70eb11663f5f	20	0
unicode/utf16	PASS	8	21	0	0	0	windows/amd64	0dc65a8e8dd8a77d0a5f1b6aba6b70eb11663f5f	21	0
weak	PASS	6	21	0	0	0	windows/amd64	0dc65a8e8dd8a77d0a5f1b6aba6b70eb11663f5f	21	0
crypto/internal/fips140/nistec	PASS	44	27	0	0	0	windows/amd64	0dc65a8e8dd8a77d0a5f1b6aba6b70eb11663f5f	27	0
