package	test	site	runs	go_mallocs_per_run	mnz_per_run	mnz_bytes_per_run	pass
bufio	TestReadStringAllocs	bufio/bufio_test.go:594	100	1	1	144	GOMAXPROCS=4
bytes	TestNewBufferShallow	bytes/buffer_test.go:105	1000	0	0	0	GOMAXPROCS=4
bytes	TestWriteAppend	bytes/buffer_test.go:361	100	0	0	0	GOMAXPROCS=4
bytes	TestGrow	bytes/buffer_test.go:561	100	0	0	0	GOMAXPROCS=4
bytes	TestGrow	bytes/buffer_test.go:561	100	0	0	0	GOMAXPROCS=4
bytes	TestGrow	bytes/buffer_test.go:561	100	0	0	0	GOMAXPROCS=4
bytes	TestGrow	bytes/buffer_test.go:561	100	0	0	0	GOMAXPROCS=4
bytes	TestGrow	bytes/buffer_test.go:561	100	0	0	0	GOMAXPROCS=4
bytes	TestGrow	bytes/buffer_test.go:561	100	0	0	0	GOMAXPROCS=4
bytes	TestGrow	bytes/buffer_test.go:561	100	0	0	0	GOMAXPROCS=4
bytes	TestGrow	bytes/buffer_test.go:561	100	0	0	0	GOMAXPROCS=4
bytes	TestGrow	bytes/buffer_test.go:561	100	0	0	0	GOMAXPROCS=4
bytes	TestGrow	bytes/buffer_test.go:561	100	0	0	0	GOMAXPROCS=4
bytes	TestGrow	bytes/buffer_test.go:561	100	0	0	0	GOMAXPROCS=4
bytes	TestGrow	bytes/buffer_test.go:561	100	0	0	0	GOMAXPROCS=4
bytes	TestGrow	bytes/buffer_test.go:561	100	0	0	0	GOMAXPROCS=4
bytes	TestGrow	bytes/buffer_test.go:561	100	0	0	0	GOMAXPROCS=4
bytes	TestGrow	bytes/buffer_test.go:561	100	0	0	0	GOMAXPROCS=4
bytes	TestGrow	bytes/buffer_test.go:561	100	0	0	0	GOMAXPROCS=4
bytes	TestGrow	bytes/buffer_test.go:561	100	0	0	0	GOMAXPROCS=4
bytes	TestGrow	bytes/buffer_test.go:561	100	0	0	0	GOMAXPROCS=4
bytes	TestGrow	bytes/buffer_test.go:561	100	0	0	0	GOMAXPROCS=4
bytes	TestGrow	bytes/buffer_test.go:561	100	0	0	0	GOMAXPROCS=4
bytes	TestGrow	bytes/buffer_test.go:561	100	0	0	0	GOMAXPROCS=4
bytes	TestGrow	bytes/buffer_test.go:561	100	0	0	0	GOMAXPROCS=4
bytes	TestGrow	bytes/buffer_test.go:561	100	0	0	0	GOMAXPROCS=4
bytes	TestGrow	bytes/buffer_test.go:561	100	0	0	0	GOMAXPROCS=4
bytes	TestGrow	bytes/buffer_test.go:561	100	0	0	0	GOMAXPROCS=4
bytes	TestEqual	bytes/bytes_test.go:77	10	0	0	0	GOMAXPROCS=4
bytes	TestIndex	bytes/bytes_test.go:284	100	0	0	0	GOMAXPROCS=4
bytes	TestLastIndex	bytes/bytes_test.go:284	100	0	0	0	GOMAXPROCS=4
bytes	TestIndexRune	bytes/bytes_test.go:506	1000	0	0	0	GOMAXPROCS=4
context	TestAllocs	context/x_test.go:329	100	0	0	0	GOMAXPROCS=4
context	TestAllocs	context/x_test.go:329	100	1	0	0	GOMAXPROCS=4
context	TestAllocs	context/x_test.go:329	100	2	0	0	GOMAXPROCS=4
context	TestAllocs	context/x_test.go:329	100	2	0	0	GOMAXPROCS=4
context	TestAllocs	context/x_test.go:329	100	4	0	0	GOMAXPROCS=4
crypto/ed25519	TestAllocations	crypto/ed25519/ed25519_test.go:372	100	0	0	0	GOMAXPROCS=4
crypto/md5	TestAllocations	crypto/md5/md5_test.go:232	10	0	0	0	GOMAXPROCS=4
crypto/rand	TestAllocations	crypto/rand/rand_test.go:157	10	0	0	0	GOMAXPROCS=4
crypto/rsa	TestAllocations	crypto/rsa/rsa_test.go:176	100	1	0	0	GOMAXPROCS=4
crypto/sha1	TestAllocations	crypto/sha1/sha1_test.go:238	10	0	0	0	GOMAXPROCS=4
crypto/sha256	TestAllocations	crypto/sha256/sha256_test.go:300	10	0	0	0	GOMAXPROCS=4
crypto/sha3	TestAllocations/New	crypto/sha3/sha3_test.go:226	10	0	0	0	GOMAXPROCS=4
crypto/sha3	TestAllocations/NewSHAKE	crypto/sha3/sha3_test.go:238	10	0	0	0	GOMAXPROCS=4
crypto/sha3	TestAllocations/Sum	crypto/sha3/sha3_test.go:250	10	0	0	0	GOMAXPROCS=4
crypto/sha3	TestAllocations/SumSHAKE	crypto/sha3/sha3_test.go:259	10	0	0	0	GOMAXPROCS=4
crypto/internal/fips140test	TestEdwards25519Allocations	crypto/internal/fips140test/edwards25519_test.go:17	100	0	0	0	GOMAXPROCS=4
crypto/internal/fips140test	TestNISTECAllocations/P224	crypto/internal/fips140test/nistec_test.go:21	10	0	0	0	GOMAXPROCS=4
crypto/internal/fips140test	TestNISTECAllocations/P256	crypto/internal/fips140test/nistec_test.go:40	10	0	0	0	GOMAXPROCS=4
crypto/internal/fips140test	TestNISTECAllocations/P384	crypto/internal/fips140test/nistec_test.go:59	10	0	0	0	GOMAXPROCS=4
crypto/internal/fips140test	TestNISTECAllocations/P521	crypto/internal/fips140test/nistec_test.go:78	10	0	0	0	GOMAXPROCS=4
crypto/internal/fips140test	TestXAESAllocations	crypto/internal/fips140test/xaes_test.go:24	10	0	0	0	GOMAXPROCS=4
crypto/sha512	TestAllocations	crypto/sha512/sha512_test.go:905	10	0	0	0	GOMAXPROCS=4
database/sql	TestRawBytesAllocs	database/sql/convert_test.go:381	100	0	0	0	GOMAXPROCS=4
database/sql	TestRawBytesAllocs	database/sql/convert_test.go:403	100	0	0	0	GOMAXPROCS=4
database/sql	TestGrabConnAllocs	database/sql/sql_test.go:4872	1000	0	0	0	GOMAXPROCS=4
encoding/binary	TestAppendAllocs	encoding/binary/binary_test.go:719	1	0	0	0	GOMAXPROCS=4
encoding/binary	TestSizeAllocs/bool	encoding/binary/binary_test.go:760	10	0	0	0	GOMAXPROCS=4
encoding/binary	TestSizeAllocs/int8	encoding/binary/binary_test.go:760	10	0	0	0	GOMAXPROCS=4
encoding/binary	TestSizeAllocs/int16	encoding/binary/binary_test.go:760	10	0	0	0	GOMAXPROCS=4
encoding/binary	TestSizeAllocs/int32	encoding/binary/binary_test.go:760	10	0	0	0	GOMAXPROCS=4
encoding/binary	TestSizeAllocs/int64	encoding/binary/binary_test.go:760	10	0	0	0	GOMAXPROCS=4
encoding/binary	TestSizeAllocs/uint8	encoding/binary/binary_test.go:760	10	0	0	0	GOMAXPROCS=4
encoding/binary	TestSizeAllocs/uint16	encoding/binary/binary_test.go:760	10	0	0	0	GOMAXPROCS=4
encoding/binary	TestSizeAllocs/uint32	encoding/binary/binary_test.go:760	10	0	0	0	GOMAXPROCS=4
encoding/binary	TestSizeAllocs/uint64	encoding/binary/binary_test.go:760	10	0	0	0	GOMAXPROCS=4
encoding/binary	TestSizeAllocs/float32	encoding/binary/binary_test.go:760	10	0	0	0	GOMAXPROCS=4
encoding/binary	TestSizeAllocs/float64	encoding/binary/binary_test.go:760	10	0	0	0	GOMAXPROCS=4
encoding/binary	TestSizeAllocs/complex64	encoding/binary/binary_test.go:760	10	0	0	0	GOMAXPROCS=4
encoding/binary	TestSizeAllocs/complex128	encoding/binary/binary_test.go:760	10	0	0	0	GOMAXPROCS=4
encoding/binary	TestSizeAllocs/binary.Struct	encoding/binary/binary_test.go:760	10	0	0	0	GOMAXPROCS=4
encoding/binary	TestSizeAllocs/*binary.Struct	encoding/binary/binary_test.go:760	10	0	0	0	GOMAXPROCS=4
encoding/binary	TestSizeAllocs/[]binary.Struct	encoding/binary/binary_test.go:760	10	0	0	0	GOMAXPROCS=4
encoding/binary	TestSizeAllocs/[]binary.Struct#01	encoding/binary/binary_test.go:760	10	0	0	0	GOMAXPROCS=4
encoding/binary	TestSizeAllocs/[1]binary.Struct	encoding/binary/binary_test.go:760	10	0	0	0	GOMAXPROCS=4
fmt	TestCountMallocs	fmt/fmt_test.go:1521	100	0	0	0	GOMAXPROCS=4
fmt	TestCountMallocs	fmt/fmt_test.go:1521	100	1	0	0	GOMAXPROCS=4
fmt	TestCountMallocs	fmt/fmt_test.go:1521	100	0	0	0	GOMAXPROCS=4
fmt	TestCountMallocs	fmt/fmt_test.go:1521	100	1	0	0	GOMAXPROCS=4
fmt	TestCountMallocs	fmt/fmt_test.go:1521	100	3	0	0	GOMAXPROCS=4
fmt	TestCountMallocs	fmt/fmt_test.go:1521	100	1	0	0	GOMAXPROCS=4
fmt	TestCountMallocs	fmt/fmt_test.go:1521	100	1	0	0	GOMAXPROCS=4
fmt	TestCountMallocs	fmt/fmt_test.go:1521	100	1	0	0	GOMAXPROCS=4
fmt	TestCountMallocs	fmt/fmt_test.go:1521	100	0	0	0	GOMAXPROCS=4
fmt	TestCountMallocs	fmt/fmt_test.go:1521	100	0	0	0	GOMAXPROCS=4
fmt	TestCountMallocs	fmt/fmt_test.go:1521	100	0	0	0	GOMAXPROCS=4
fmt	TestCountMallocs	fmt/fmt_test.go:1521	100	1	0	0	GOMAXPROCS=4
fmt	TestCountMallocs	fmt/fmt_test.go:1521	100	4	0	0	GOMAXPROCS=4
fmt	TestCountMallocs	fmt/fmt_test.go:1521	100	1	0	0	GOMAXPROCS=4
fmt	TestCountMallocs	fmt/fmt_test.go:1521	100	2	0	0	GOMAXPROCS=4
fmt	TestCountMallocs	fmt/fmt_test.go:1521	100	0	0	0	GOMAXPROCS=4
hash/maphash	TestComparableAllocations	hash/maphash/maphash_test.go:438	10	0	0	0	GOMAXPROCS=4
hash/maphash	TestComparableAllocations	hash/maphash/maphash_test.go:450	10	0	0	0	GOMAXPROCS=4
io	TestMultiWriter_WriteStringSingleAlloc	io/multi_test.go:112	1000	1	0	0	GOMAXPROCS=4
io	TestPipeAllocations	io/pipe_test.go:431	10	4	0	0	GOMAXPROCS=4
log	TestDiscard	log/log_test.go:207	100	1	0	0	GOMAXPROCS=4
log/slog	TestAttrNoAlloc	log/slog/attr_test.go:30	5	0	0	0	GOMAXPROCS=4
log/slog	TestAlloc/Info	log/slog/logger_test.go:653	5	0	0	0	GOMAXPROCS=4
log/slog	TestAlloc/Error	log/slog/logger_test.go:653	5	0	0	0	GOMAXPROCS=4
log/slog	TestAlloc/logger.Info	log/slog/logger_test.go:653	5	0	0	0	GOMAXPROCS=4
log/slog	TestAlloc/logger.Log	log/slog/logger_test.go:653	5	0	0	0	GOMAXPROCS=4
log/slog	TestAlloc/2_pairs	log/slog/logger_test.go:653	5	2	0	0	GOMAXPROCS=4
log/slog	TestAlloc/2_pairs_disabled_inline	log/slog/logger_test.go:653	5	2	0	0	GOMAXPROCS=4
log/slog	TestAlloc/2_pairs_disabled	log/slog/logger_test.go:653	5	0	0	0	GOMAXPROCS=4
log/slog	TestAlloc/9_kvs	log/slog/logger_test.go:653	5	10	0	0	GOMAXPROCS=4
log/slog	TestAlloc/pairs	log/slog/logger_test.go:653	5	0	0	0	GOMAXPROCS=4
log/slog	TestAlloc/attrs1	log/slog/logger_test.go:653	5	0	0	0	GOMAXPROCS=4
log/slog	TestAlloc/attrs1	log/slog/logger_test.go:653	5	0	0	0	GOMAXPROCS=4
log/slog	TestAlloc/attrs3	log/slog/logger_test.go:653	5	0	0	0	GOMAXPROCS=4
log/slog	TestAlloc/attrs3_disabled	log/slog/logger_test.go:653	5	0	0	0	GOMAXPROCS=4
log/slog	TestAlloc/attrs6	log/slog/logger_test.go:653	5	1	0	0	GOMAXPROCS=4
log/slog	TestAlloc/attrs9	log/slog/logger_test.go:653	5	1	0	0	GOMAXPROCS=4
log/slog	TestTextHandlerAlloc	log/slog/logger_test.go:653	5	0	0	0	GOMAXPROCS=4
log/slog	TestTextHandlerAlloc	log/slog/logger_test.go:653	5	0	0	0	GOMAXPROCS=4
log/slog	TestValueNoAlloc	log/slog/value_test.go:106	5	0	0	0	GOMAXPROCS=4
log/slog	TestAnyLevelAlloc	log/slog/logger_test.go:653	5	0	0	0	GOMAXPROCS=4
log/slog/internal/buffer	TestAlloc	log/slog/internal/buffer/buffer_test.go:32	5	0	0	0	GOMAXPROCS=4
mime	TestLookupMallocs	mime/type_test.go:150	10000	0	0	0	GOMAXPROCS=4
math/big	TestNewIntAllocs	math/big/int_test.go:1953	100	0	0	0	GOMAXPROCS=4
math/big	TestNewIntAllocs	math/big/int_test.go:1953	100	0	0	0	GOMAXPROCS=4
math/big	TestNewIntAllocs	math/big/int_test.go:1953	100	0	0	0	GOMAXPROCS=4
math/big	TestNewIntAllocs	math/big/int_test.go:1953	100	0	0	0	GOMAXPROCS=4
math/big	TestNewIntAllocs	math/big/int_test.go:1953	100	0	0	0	GOMAXPROCS=4
math/big	TestNewIntAllocs	math/big/int_test.go:1953	100	0	0	0	GOMAXPROCS=4
math/big	TestNewIntAllocs	math/big/int_test.go:1953	100	0	0	0	GOMAXPROCS=4
net	TestIPAppendTextNoAllocs	net/ip_test.go:288	1000	0	0	0	GOMAXPROCS=4
net	TestIPAppendTextNoAllocs	net/ip_test.go:288	1000	0	0	0	GOMAXPROCS=4
net	TestIPAppendTextNoAllocs	net/ip_test.go:288	1000	0	0	0	GOMAXPROCS=4
net	TestIPAppendTextNoAllocs	net/ip_test.go:288	1000	0	0	0	GOMAXPROCS=4
net	TestIPAppendTextNoAllocs	net/ip_test.go:288	1000	0	0	0	GOMAXPROCS=4
net	TestIPAppendTextNoAllocs	net/ip_test.go:288	1000	0	0	0	GOMAXPROCS=4
net	TestIPAppendTextNoAllocs	net/ip_test.go:288	1000	0	0	0	GOMAXPROCS=4
net	TestIPAppendTextNoAllocs	net/ip_test.go:288	1000	0	0	0	GOMAXPROCS=4
net	TestIPAppendTextNoAllocs	net/ip_test.go:288	1000	0	0	0	GOMAXPROCS=4
net	TestIPAppendTextNoAllocs	net/ip_test.go:288	1000	0	0	0	GOMAXPROCS=4
net	TestIPAppendTextNoAllocs	net/ip_test.go:288	1000	0	0	0	GOMAXPROCS=4
net	TestIPAppendTextNoAllocs	net/ip_test.go:288	1000	0	0	0	GOMAXPROCS=4
net	TestIPAppendTextNoAllocs	net/ip_test.go:288	1000	0	0	0	GOMAXPROCS=4
net	TestIPAppendTextNoAllocs	net/ip_test.go:288	1000	0	0	0	GOMAXPROCS=4
net	TestTCPReadWriteAllocs	net/tcpsock_test.go:501	1000	0	0	0	GOMAXPROCS=4
net	TestTCPReadWriteAllocs	net/tcpsock_test.go:524	1000	0	0	0	GOMAXPROCS=4
net/http/internal	TestChunkReaderAllocs	net/http/internal/chunked_test.go:124	100	1	0	0	GOMAXPROCS=4
net/netip	TestParsePrefixAllocs/<IP-prefix subtest>	net/netip/netip_test.go:1597	5	0	0	0	GOMAXPROCS=4
net/netip	TestParsePrefixAllocs/<IP-prefix subtest>	net/netip/netip_test.go:1600	5	0	0	0	GOMAXPROCS=4
net/netip	TestParsePrefixAllocs/aaaa:bbbb:cccc::/24	net/netip/netip_test.go:1597	5	0	0	0	GOMAXPROCS=4
net/netip	TestParsePrefixAllocs/aaaa:bbbb:cccc::/24	net/netip/netip_test.go:1600	5	0	0	0	GOMAXPROCS=4
net/netip	TestNoAllocs/IPv4	net/netip/netip_test.go:2162	1000	0	0	0	GOMAXPROCS=4
net/netip	TestNoAllocs/AddrFrom4	net/netip/netip_test.go:2162	1000	0	0	0	GOMAXPROCS=4
net/netip	TestNoAllocs/AddrFrom16	net/netip/netip_test.go:2162	1000	0	0	0	GOMAXPROCS=4
net/netip	TestNoAllocs/ParseAddr/4	net/netip/netip_test.go:2162	1000	0	0	0	GOMAXPROCS=4
net/netip	TestNoAllocs/ParseAddr/6	net/netip/netip_test.go:2162	1000	0	0	0	GOMAXPROCS=4
net/netip	TestNoAllocs/MustParseAddr	net/netip/netip_test.go:2162	1000	0	0	0	GOMAXPROCS=4
net/netip	TestNoAllocs/IPv6LinkLocalAllNodes	net/netip/netip_test.go:2162	1000	0	0	0	GOMAXPROCS=4
net/netip	TestNoAllocs/IPv6LinkLocalAllRouters	net/netip/netip_test.go:2162	1000	0	0	0	GOMAXPROCS=4
net/netip	TestNoAllocs/IPv6Loopback	net/netip/netip_test.go:2162	1000	0	0	0	GOMAXPROCS=4
net/netip	TestNoAllocs/IPv6Unspecified	net/netip/netip_test.go:2162	1000	0	0	0	GOMAXPROCS=4
net/netip	TestNoAllocs/Addr.IsZero	net/netip/netip_test.go:2162	1000	0	0	0	GOMAXPROCS=4
net/netip	TestNoAllocs/Addr.BitLen	net/netip/netip_test.go:2162	1000	0	0	0	GOMAXPROCS=4
net/netip	TestNoAllocs/Addr.Zone/4	net/netip/netip_test.go:2162	1000	0	0	0	GOMAXPROCS=4
net/netip	TestNoAllocs/Addr.Zone/6	net/netip/netip_test.go:2162	1000	0	0	0	GOMAXPROCS=4
net/netip	TestNoAllocs/Addr.Zone/6zone	net/netip/netip_test.go:2162	1000	0	0	0	GOMAXPROCS=4
net/netip	TestNoAllocs/Addr.Compare	net/netip/netip_test.go:2162	1000	0	0	0	GOMAXPROCS=4
net/netip	TestNoAllocs/Addr.Less	net/netip/netip_test.go:2162	1000	0	0	0	GOMAXPROCS=4
net/netip	TestNoAllocs/Addr.Is4	net/netip/netip_test.go:2162	1000	0	0	0	GOMAXPROCS=4
net/netip	TestNoAllocs/Addr.Is6	net/netip/netip_test.go:2162	1000	0	0	0	GOMAXPROCS=4
net/netip	TestNoAllocs/Addr.Is4In6	net/netip/netip_test.go:2162	1000	0	0	0	GOMAXPROCS=4
net/netip	TestNoAllocs/Addr.Unmap	net/netip/netip_test.go:2162	1000	0	0	0	GOMAXPROCS=4
net/netip	TestNoAllocs/Addr.WithZone	net/netip/netip_test.go:2162	1000	0	0	0	GOMAXPROCS=4
net/netip	TestNoAllocs/Addr.IsGlobalUnicast	net/netip/netip_test.go:2162	1000	0	0	0	GOMAXPROCS=4
net/netip	TestNoAllocs/Addr.IsInterfaceLocalMulticast	net/netip/netip_test.go:2162	1000	0	0	0	GOMAXPROCS=4
net/netip	TestNoAllocs/Addr.IsLinkLocalMulticast	net/netip/netip_test.go:2162	1000	0	0	0	GOMAXPROCS=4
net/netip	TestNoAllocs/Addr.IsLinkLocalUnicast	net/netip/netip_test.go:2162	1000	0	0	0	GOMAXPROCS=4
net/netip	TestNoAllocs/Addr.IsLoopback	net/netip/netip_test.go:2162	1000	0	0	0	GOMAXPROCS=4
net/netip	TestNoAllocs/Addr.IsMulticast	net/netip/netip_test.go:2162	1000	0	0	0	GOMAXPROCS=4
net/netip	TestNoAllocs/Addr.IsPrivate	net/netip/netip_test.go:2162	1000	0	0	0	GOMAXPROCS=4
net/netip	TestNoAllocs/Addr.IsUnspecified	net/netip/netip_test.go:2162	1000	0	0	0	GOMAXPROCS=4
net/netip	TestNoAllocs/Addr.Prefix/4	net/netip/netip_test.go:2162	1000	0	0	0	GOMAXPROCS=4
net/netip	TestNoAllocs/Addr.Prefix/6	net/netip/netip_test.go:2162	1000	0	0	0	GOMAXPROCS=4
net/netip	TestNoAllocs/Addr.As16	net/netip/netip_test.go:2162	1000	0	0	0	GOMAXPROCS=4
net/netip	TestNoAllocs/Addr.As4	net/netip/netip_test.go:2162	1000	0	0	0	GOMAXPROCS=4
net/netip	TestNoAllocs/Addr.Next	net/netip/netip_test.go:2162	1000	0	0	0	GOMAXPROCS=4
net/netip	TestNoAllocs/Addr.Prev	net/netip/netip_test.go:2162	1000	0	0	0	GOMAXPROCS=4
net/netip	TestNoAllocs/AddrPortFrom	net/netip/netip_test.go:2162	1000	0	0	0	GOMAXPROCS=4
net/netip	TestNoAllocs/ParseAddrPort	net/netip/netip_test.go:2162	1000	0	0	0	GOMAXPROCS=4
net/netip	TestNoAllocs/MustParseAddrPort	net/netip/netip_test.go:2162	1000	0	0	0	GOMAXPROCS=4
net/netip	TestNoAllocs/PrefixFrom	net/netip/netip_test.go:2162	1000	0	0	0	GOMAXPROCS=4
net/netip	TestNoAllocs/ParsePrefix/4	net/netip/netip_test.go:2162	1000	0	0	0	GOMAXPROCS=4
net/netip	TestNoAllocs/ParsePrefix/6	net/netip/netip_test.go:2162	1000	0	0	0	GOMAXPROCS=4
net/netip	TestNoAllocs/MustParsePrefix	net/netip/netip_test.go:2162	1000	0	0	0	GOMAXPROCS=4
net/netip	TestNoAllocs/Prefix.Contains	net/netip/netip_test.go:2162	1000	0	0	0	GOMAXPROCS=4
net/netip	TestNoAllocs/Prefix.Overlaps	net/netip/netip_test.go:2162	1000	0	0	0	GOMAXPROCS=4
net/netip	TestNoAllocs/Prefix.IsZero	net/netip/netip_test.go:2162	1000	0	0	0	GOMAXPROCS=4
net/netip	TestNoAllocs/Prefix.IsSingleIP	net/netip/netip_test.go:2162	1000	0	0	0	GOMAXPROCS=4
net/netip	TestNoAllocs/Prefix.Masked	net/netip/netip_test.go:2162	1000	0	0	0	GOMAXPROCS=4
net/netip	TestAddrStringAllocs/zero	net/netip/netip_test.go:2259	1000	0	0	0	GOMAXPROCS=4
net/netip	TestAddrStringAllocs/ipv4	net/netip/netip_test.go:2259	1000	1	0	0	GOMAXPROCS=4
net/netip	TestAddrStringAllocs/ipv6	net/netip/netip_test.go:2259	1000	1	0	0	GOMAXPROCS=4
net/netip	TestAddrStringAllocs/ipv6+zone	net/netip/netip_test.go:2259	1000	1	0	0	GOMAXPROCS=4
net/netip	TestAddrStringAllocs/ipv4-in-ipv6	net/netip/netip_test.go:2259	1000	1	0	0	GOMAXPROCS=4
net/netip	TestAddrStringAllocs/ipv4-in-ipv6+zone	net/netip/netip_test.go:2259	1000	1	0	0	GOMAXPROCS=4
net	TestAllocs	net/udpsock_test.go:513	1000	0	0	0	GOMAXPROCS=4
net	TestAllocs	net/udpsock_test.go:527	1000	0	0	0	GOMAXPROCS=4
net	TestAllocs	net/udpsock_test.go:541	1000	1	0	0	GOMAXPROCS=4
net/textproto	TestCommonHeaders	net/textproto/reader_test.go:438	200	0	0	0	GOMAXPROCS=4
os	TestWriteStringAlloc	os/os_test.go:3387	100	0	0	0	GOMAXPROCS=4
reflect	TestMapIterSet	reflect/all_test.go:377	10	0	0	0	GOMAXPROCS=4
reflect	TestAllocsInterfaceBig	reflect/all_test.go:6523	100	0	0	0	GOMAXPROCS=4
reflect	TestAllocsInterfaceSmall	reflect/all_test.go:6533	100	0	0	0	GOMAXPROCS=4
reflect	TestSmallZero	reflect/all_test.go:6650	100	0	0	0	GOMAXPROCS=4
reflect	TestMapAlloc	reflect/all_test.go:7392	100	0	0	0	GOMAXPROCS=4
reflect	TestMapAlloc	reflect/all_test.go:7402	100	6	0	0	GOMAXPROCS=4
reflect	TestChanAlloc	reflect/all_test.go:7426	100	1	0	0	GOMAXPROCS=4
reflect	TestMapIterReset	reflect/all_test.go:7787	10	0	0	0	GOMAXPROCS=4
slices	TestInsert	slices/slices_test.go:505	10	5	0	0	GOMAXPROCS=4
slices	TestGrow	slices/slices_test.go:953	100	0	0	0	GOMAXPROCS=4
slices	TestGrow	slices/slices_test.go:956	100	1	0	0	GOMAXPROCS=4
slices	TestConcat	slices/slices_test.go:1313	5	0	0	0	GOMAXPROCS=4
slices	TestConcat	slices/slices_test.go:1313	5	1	0	0	GOMAXPROCS=4
slices	TestConcat	slices/slices_test.go:1313	5	1	0	0	GOMAXPROCS=4
slices	TestConcat	slices/slices_test.go:1313	5	1	0	0	GOMAXPROCS=4
strconv	TestAllocationsFromBytes/Atoi	strconv/strconv_test.go:93	100	0	0	0	GOMAXPROCS=4
strconv	TestAllocationsFromBytes/ParseBool	strconv/strconv_test.go:93	100	0	0	0	GOMAXPROCS=4
strconv	TestAllocationsFromBytes/ParseInt	strconv/strconv_test.go:93	100	0	0	0	GOMAXPROCS=4
strconv	TestAllocationsFromBytes/ParseUint	strconv/strconv_test.go:93	100	0	0	0	GOMAXPROCS=4
strconv	TestAllocationsFromBytes/ParseFloat	strconv/strconv_test.go:93	100	0	0	0	GOMAXPROCS=4
strconv	TestAllocationsFromBytes/ParseComplex	strconv/strconv_test.go:93	100	0	0	0	GOMAXPROCS=4
strconv	TestAllocationsFromBytes/CanBackquote	strconv/strconv_test.go:93	100	0	0	0	GOMAXPROCS=4
strconv	TestAllocationsFromBytes/AppendQuote	strconv/strconv_test.go:93	100	0	0	0	GOMAXPROCS=4
strconv	TestAllocationsFromBytes/AppendQuoteToASCII	strconv/strconv_test.go:93	100	0	0	0	GOMAXPROCS=4
strconv	TestAllocationsFromBytes/AppendQuoteToGraphic	strconv/strconv_test.go:93	100	0	0	0	GOMAXPROCS=4
strings	TestBuilderGrow	strings/builder_test.go:98	100	0	0	0	GOMAXPROCS=4
strings	TestBuilderGrow	strings/builder_test.go:98	100	1	1	112	GOMAXPROCS=4
strings	TestBuilderGrow	strings/builder_test.go:98	100	1	1	1024	GOMAXPROCS=4
strings	TestBuilderGrow	strings/builder_test.go:98	100	1	1	10240	GOMAXPROCS=4
strings	TestBuilderGrow	strings/builder_test.go:98	100	1	1	106496	GOMAXPROCS=4
strings	TestBuilderAllocs	strings/builder_test.go:201	10000	1	1	8	GOMAXPROCS=4
strings	TestBuilderGrowSizeclasses	strings/builder_test.go:402	100	1	1	24	GOMAXPROCS=4
strings	TestIndexRune	strings/strings_test.go:374	1000	0	0	0	GOMAXPROCS=4
sync	TestMapRangeNoAllocations	sync/map_test.go:304	10	0	0	0	GOMAXPROCS=4
sync	TestMapClearOneAllocation	sync/map_test.go:364	10	1	0	0	GOMAXPROCS=4
sync	TestOnceFunc	sync/oncefunc_test.go:23	10	0	0	0	GOMAXPROCS=4
sync	TestOnceValue	sync/oncefunc_test.go:38	10	0	0	0	GOMAXPROCS=4
sync	TestOnceValues	sync/oncefunc_test.go:57	10	0	0	0	GOMAXPROCS=4
testing	TestAllocsPerRun	testing/allocs_test.go:25	100	1	0	0	GOMAXPROCS=4
testing	TestAllocsPerRun	testing/allocs_test.go:25	100	1	0	0	GOMAXPROCS=4
testing	TestAllocsPerRun	testing/allocs_test.go:25	100	1	0	0	GOMAXPROCS=4
testing	TestAllocsPerRun	testing/allocs_test.go:25	100	1	0	0	GOMAXPROCS=4
testing	TestAllocsPerRun	testing/allocs_test.go:25	100	1	0	0	GOMAXPROCS=4
runtime	TestArrayHash	runtime/hash_test.go:723	10	3	0	0	GOMAXPROCS=4
runtime	TestStructHash	runtime/hash_test.go:779	10	3	0	0	GOMAXPROCS=4
runtime	TestCmpIfaceConcreteAlloc	runtime/iface_test.go:63	1	0	0	0	GOMAXPROCS=4
runtime	TestNonEscapingConvT2E	runtime/iface_test.go:262	1000	0	0	0	GOMAXPROCS=4
runtime	TestNonEscapingConvT2I	runtime/iface_test.go:282	1000	0	0	0	GOMAXPROCS=4
runtime	TestZeroConvT2x/E8	runtime/iface_test.go:315	1000	0	0	0	GOMAXPROCS=4
runtime	TestZeroConvT2x/E16	runtime/iface_test.go:315	1000	0	0	0	GOMAXPROCS=4
runtime	TestZeroConvT2x/E32	runtime/iface_test.go:315	1000	0	0	0	GOMAXPROCS=4
runtime	TestZeroConvT2x/E64	runtime/iface_test.go:315	1000	0	0	0	GOMAXPROCS=4
runtime	TestZeroConvT2x/Estr	runtime/iface_test.go:315	1000	0	0	0	GOMAXPROCS=4
runtime	TestZeroConvT2x/Eslice	runtime/iface_test.go:315	1000	0	0	0	GOMAXPROCS=4
runtime	TestZeroConvT2x/Econstflt	runtime/iface_test.go:315	1000	0	0	0	GOMAXPROCS=4
runtime	TestZeroConvT2x/Econststr	runtime/iface_test.go:315	1000	0	0	0	GOMAXPROCS=4
runtime	TestZeroConvT2x/I8	runtime/iface_test.go:315	1000	0	0	0	GOMAXPROCS=4
runtime	TestZeroConvT2x/I16	runtime/iface_test.go:315	1000	0	0	0	GOMAXPROCS=4
runtime	TestZeroConvT2x/I32	runtime/iface_test.go:315	1000	0	0	0	GOMAXPROCS=4
runtime	TestZeroConvT2x/I64	runtime/iface_test.go:315	1000	0	0	0	GOMAXPROCS=4
runtime	TestZeroConvT2x/Istr	runtime/iface_test.go:315	1000	0	0	0	GOMAXPROCS=4
runtime	TestZeroConvT2x/Islice	runtime/iface_test.go:315	1000	0	0	0	GOMAXPROCS=4
runtime	TestStringConcatenationAllocs	runtime/malloc_test.go:141	1000	1	0	0	GOMAXPROCS=4
runtime	TestMapStringBytesLookup	runtime/map_test.go:591	100	0	0	0	GOMAXPROCS=4
runtime	TestMapStringBytesLookup	runtime/map_test.go:599	100	0	0	0	GOMAXPROCS=4
runtime	TestNonEscapingMap	runtime/map_test.go:677	1000	0	0	0	GOMAXPROCS=4
runtime	TestNonEscapingMap	runtime/map_test.go:684	1000	0	0	0	GOMAXPROCS=4
runtime	TestNonEscapingMap	runtime/map_test.go:691	1000	0	0	0	GOMAXPROCS=4
runtime	TestNonEscapingMap	runtime/map_test.go:698	1000	0	0	0	GOMAXPROCS=4
time	TestUnmarshalTextAllocations	time/time_test.go:1723	100	0	0	0	GOMAXPROCS=4
unicode/utf16	TestAllocationsDecode	unicode/utf16/utf16_test.go:131	10	0	0	0	GOMAXPROCS=4
unicode/utf16	TestAllocationsDecode	unicode/utf16/utf16_test.go:131	10	0	0	0	GOMAXPROCS=4
unicode/utf16	TestAllocationsDecode	unicode/utf16/utf16_test.go:131	10	0	0	0	GOMAXPROCS=4
unicode/utf16	TestAllocationsDecode	unicode/utf16/utf16_test.go:131	10	0	0	0	GOMAXPROCS=4
unicode/utf8	TestRuneCountNonASCIIAllocation	unicode/utf8/utf8_test.go:442	10	0	0	0	GOMAXPROCS=4
runtime	TestConcatTempString	runtime/string_test.go:229	1000	0	0	0	GOMAXPROCS=4
runtime	TestCompareTempString	runtime/string_test.go:242	1000	0	0	0	GOMAXPROCS=4
runtime	TestStringIndexHaystack	runtime/string_test.go:274	1000	0	0	0	GOMAXPROCS=4
runtime	TestStringIndexNeedle	runtime/string_test.go:288	1000	0	0	0	GOMAXPROCS=4
runtime	TestIntStringAllocs	runtime/string_test.go:332	1000	0	0	0	GOMAXPROCS=4
runtime	TestRangeStringCast	runtime/string_test.go:346	1000	0	0	0	GOMAXPROCS=4
internal/reflectlite	TestAllocations	internal/reflectlite/all_test.go:798	100	0	0	0	GOMAXPROCS=1
internal/reflectlite	TestAllocations	internal/reflectlite/all_test.go:798	100	0	0	0	GOMAXPROCS=1
net/http	TestHeaderWriteSubsetAllocs	net/http/header_test.go:229	100	0	0	0	GOMAXPROCS=1
encoding/gob	TestCountEncodeMallocs	encoding/gob/timing_test.go:91	1000	0	0	0	GOMAXPROCS=1
encoding/gob	TestCountDecodeMallocs	encoding/gob/timing_test.go:117	1000	0	0	0	GOMAXPROCS=1
encoding/gob	TestCountDecodeMallocs	encoding/gob/timing_test.go:125	1000	5	0	0	GOMAXPROCS=1
net/rpc	TestCountMallocs	net/rpc/server_test.go:586	100	14	0	0	GOMAXPROCS=1
net/rpc	TestCountMallocsOverHTTP	net/rpc/server_test.go:586	100	14	0	0	GOMAXPROCS=1
path/filepath	TestClean	path/filepath/path_test.go:153	100	0	0	0	GOMAXPROCS=1
path/filepath	TestClean	path/filepath/path_test.go:153	100	0	0	0	GOMAXPROCS=1
path/filepath	TestClean	path/filepath/path_test.go:153	100	0	0	0	GOMAXPROCS=1
path/filepath	TestClean	path/filepath/path_test.go:153	100	0	0	0	GOMAXPROCS=1
path/filepath	TestClean	path/filepath/path_test.go:153	100	0	0	0	GOMAXPROCS=1
path/filepath	TestClean	path/filepath/path_test.go:153	100	0	0	0	GOMAXPROCS=1
path/filepath	TestClean	path/filepath/path_test.go:153	100	0	0	0	GOMAXPROCS=1
path/filepath	TestClean	path/filepath/path_test.go:153	100	0	0	0	GOMAXPROCS=1
path/filepath	TestClean	path/filepath/path_test.go:153	100	0	0	0	GOMAXPROCS=1
path/filepath	TestClean	path/filepath/path_test.go:153	100	0	0	0	GOMAXPROCS=1
path/filepath	TestClean	path/filepath/path_test.go:153	100	0	0	0	GOMAXPROCS=1
path/filepath	TestClean	path/filepath/path_test.go:153	100	0	0	0	GOMAXPROCS=1
path/filepath	TestClean	path/filepath/path_test.go:153	100	0	0	0	GOMAXPROCS=1
path/filepath	TestClean	path/filepath/path_test.go:153	100	0	0	0	GOMAXPROCS=1
path/filepath	TestClean	path/filepath/path_test.go:153	100	0	0	0	GOMAXPROCS=1
path/filepath	TestClean	path/filepath/path_test.go:153	100	0	0	0	GOMAXPROCS=1
path/filepath	TestClean	path/filepath/path_test.go:153	100	0	0	0	GOMAXPROCS=1
path/filepath	TestClean	path/filepath/path_test.go:153	100	0	0	0	GOMAXPROCS=1
path/filepath	TestClean	path/filepath/path_test.go:153	100	0	0	0	GOMAXPROCS=1
path/filepath	TestClean	path/filepath/path_test.go:153	100	0	0	0	GOMAXPROCS=1
path/filepath	TestClean	path/filepath/path_test.go:153	100	0	0	0	GOMAXPROCS=1
path/filepath	TestClean	path/filepath/path_test.go:153	100	0	0	0	GOMAXPROCS=1
path/filepath	TestClean	path/filepath/path_test.go:153	100	0	0	0	GOMAXPROCS=1
path/filepath	TestClean	path/filepath/path_test.go:153	100	0	0	0	GOMAXPROCS=1
path/filepath	TestClean	path/filepath/path_test.go:153	100	0	0	0	GOMAXPROCS=1
path/filepath	TestClean	path/filepath/path_test.go:153	100	0	0	0	GOMAXPROCS=1
path/filepath	TestClean	path/filepath/path_test.go:153	100	0	0	0	GOMAXPROCS=1
path/filepath	TestClean	path/filepath/path_test.go:153	100	0	0	0	GOMAXPROCS=1
path/filepath	TestClean	path/filepath/path_test.go:153	100	0	0	0	GOMAXPROCS=1
path/filepath	TestClean	path/filepath/path_test.go:153	100	0	0	0	GOMAXPROCS=1
path/filepath	TestClean	path/filepath/path_test.go:153	100	0	0	0	GOMAXPROCS=1
path/filepath	TestClean	path/filepath/path_test.go:153	100	0	0	0	GOMAXPROCS=1
path/filepath	TestClean	path/filepath/path_test.go:153	100	0	0	0	GOMAXPROCS=1
path/filepath	TestClean	path/filepath/path_test.go:153	100	0	0	0	GOMAXPROCS=1
path/filepath	TestClean	path/filepath/path_test.go:153	100	0	0	0	GOMAXPROCS=1
path/filepath	TestClean	path/filepath/path_test.go:153	100	0	0	0	GOMAXPROCS=1
path/filepath	TestClean	path/filepath/path_test.go:153	100	0	0	0	GOMAXPROCS=1
path/filepath	TestClean	path/filepath/path_test.go:153	100	0	0	0	GOMAXPROCS=1
path	TestCleanMallocs	path/path_test.go:88	100	0	0	0	GOMAXPROCS=1
path	TestCleanMallocs	path/path_test.go:88	100	0	0	0	GOMAXPROCS=1
path	TestCleanMallocs	path/path_test.go:88	100	0	0	0	GOMAXPROCS=1
path	TestCleanMallocs	path/path_test.go:88	100	0	0	0	GOMAXPROCS=1
path	TestCleanMallocs	path/path_test.go:88	100	0	0	0	GOMAXPROCS=1
path	TestCleanMallocs	path/path_test.go:88	100	0	0	0	GOMAXPROCS=1
path	TestCleanMallocs	path/path_test.go:88	100	0	0	0	GOMAXPROCS=1
path	TestCleanMallocs	path/path_test.go:88	100	0	0	0	GOMAXPROCS=1
path	TestCleanMallocs	path/path_test.go:88	100	0	0	0	GOMAXPROCS=1
path	TestCleanMallocs	path/path_test.go:88	100	0	0	0	GOMAXPROCS=1
path	TestCleanMallocs	path/path_test.go:88	100	0	0	0	GOMAXPROCS=1
path	TestCleanMallocs	path/path_test.go:88	100	0	0	0	GOMAXPROCS=1
path	TestCleanMallocs	path/path_test.go:88	100	0	0	0	GOMAXPROCS=1
path	TestCleanMallocs	path/path_test.go:88	100	0	0	0	GOMAXPROCS=1
path	TestCleanMallocs	path/path_test.go:88	100	0	0	0	GOMAXPROCS=1
path	TestCleanMallocs	path/path_test.go:88	100	0	0	0	GOMAXPROCS=1
path	TestCleanMallocs	path/path_test.go:88	100	0	0	0	GOMAXPROCS=1
path	TestCleanMallocs	path/path_test.go:88	100	0	0	0	GOMAXPROCS=1
path	TestCleanMallocs	path/path_test.go:88	100	0	0	0	GOMAXPROCS=1
path	TestCleanMallocs	path/path_test.go:88	100	0	0	0	GOMAXPROCS=1
path	TestCleanMallocs	path/path_test.go:88	100	0	0	0	GOMAXPROCS=1
path	TestCleanMallocs	path/path_test.go:88	100	0	0	0	GOMAXPROCS=1
path	TestCleanMallocs	path/path_test.go:88	100	0	0	0	GOMAXPROCS=1
path	TestCleanMallocs	path/path_test.go:88	100	0	0	0	GOMAXPROCS=1
path	TestCleanMallocs	path/path_test.go:88	100	0	0	0	GOMAXPROCS=1
path	TestCleanMallocs	path/path_test.go:88	100	0	0	0	GOMAXPROCS=1
path	TestCleanMallocs	path/path_test.go:88	100	0	0	0	GOMAXPROCS=1
path	TestCleanMallocs	path/path_test.go:88	100	0	0	0	GOMAXPROCS=1
path	TestCleanMallocs	path/path_test.go:88	100	0	0	0	GOMAXPROCS=1
path	TestCleanMallocs	path/path_test.go:88	100	0	0	0	GOMAXPROCS=1
path	TestCleanMallocs	path/path_test.go:88	100	0	0	0	GOMAXPROCS=1
path	TestCleanMallocs	path/path_test.go:88	100	0	0	0	GOMAXPROCS=1
path	TestCleanMallocs	path/path_test.go:88	100	0	0	0	GOMAXPROCS=1
path	TestCleanMallocs	path/path_test.go:88	100	0	0	0	GOMAXPROCS=1
path	TestCleanMallocs	path/path_test.go:88	100	0	0	0	GOMAXPROCS=1
path	TestCleanMallocs	path/path_test.go:88	100	0	0	0	GOMAXPROCS=1
reflect	TestMapIterSet	reflect/all_test.go:377	10	0	0	0	GOMAXPROCS=1
reflect	TestAllocations	reflect/all_test.go:3508	100	0	0	0	GOMAXPROCS=1
reflect	TestAllocations	reflect/all_test.go:3508	100	0	0	0	GOMAXPROCS=1
reflect	TestAllocations	reflect/all_test.go:3508	100	0	0	0	GOMAXPROCS=1
reflect	TestAllocations	reflect/all_test.go:3508	100	0	0	0	GOMAXPROCS=1
reflect	TestAllocsInterfaceBig	reflect/all_test.go:6523	100	0	0	0	GOMAXPROCS=1
reflect	TestAllocsInterfaceSmall	reflect/all_test.go:6533	100	0	0	0	GOMAXPROCS=1
reflect	TestSmallZero	reflect/all_test.go:6650	100	0	0	0	GOMAXPROCS=1
reflect	TestMapAlloc	reflect/all_test.go:7392	100	0	0	0	GOMAXPROCS=1
reflect	TestMapAlloc	reflect/all_test.go:7402	100	6	0	0	GOMAXPROCS=1
reflect	TestChanAlloc	reflect/all_test.go:7426	100	1	0	0	GOMAXPROCS=1
reflect	TestMapIterReset	reflect/all_test.go:7787	10	0	0	0	GOMAXPROCS=1
sort	TestSearchWrappersDontAlloc	sort/search_test.go:211	100	0	0	0	GOMAXPROCS=1
strconv	TestCountMallocs	strconv/strconv_test.go:62	100	0	0	0	GOMAXPROCS=1
strconv	TestCountMallocs	strconv/strconv_test.go:62	100	0	0	0	GOMAXPROCS=1
strconv	TestCountMallocs	strconv/strconv_test.go:62	100	0	0	0	GOMAXPROCS=1
strconv	TestCountMallocs	strconv/strconv_test.go:62	100	0	0	0	GOMAXPROCS=1
strconv	TestCountMallocs	strconv/strconv_test.go:62	100	7	0	0	GOMAXPROCS=1
strconv	TestCountMallocs	strconv/strconv_test.go:62	100	0	0	0	GOMAXPROCS=1
strconv	TestCountMallocs	strconv/strconv_test.go:62	100	0	0	0	GOMAXPROCS=1
strconv	TestCountMallocs	strconv/strconv_test.go:62	100	0	0	0	GOMAXPROCS=1
strconv	TestCountMallocs	strconv/strconv_test.go:62	100	0	0	0	GOMAXPROCS=1
strconv	TestAllocationsFromBytes/Atoi	strconv/strconv_test.go:93	100	0	0	0	GOMAXPROCS=1
strconv	TestAllocationsFromBytes/ParseBool	strconv/strconv_test.go:93	100	0	0	0	GOMAXPROCS=1
strconv	TestAllocationsFromBytes/ParseInt	strconv/strconv_test.go:93	100	0	0	0	GOMAXPROCS=1
strconv	TestAllocationsFromBytes/ParseUint	strconv/strconv_test.go:93	100	0	0	0	GOMAXPROCS=1
strconv	TestAllocationsFromBytes/ParseFloat	strconv/strconv_test.go:93	100	0	0	0	GOMAXPROCS=1
strconv	TestAllocationsFromBytes/ParseComplex	strconv/strconv_test.go:93	100	0	0	0	GOMAXPROCS=1
strconv	TestAllocationsFromBytes/CanBackquote	strconv/strconv_test.go:93	100	0	0	0	GOMAXPROCS=1
strconv	TestAllocationsFromBytes/AppendQuote	strconv/strconv_test.go:93	100	0	0	0	GOMAXPROCS=1
strconv	TestAllocationsFromBytes/AppendQuoteToASCII	strconv/strconv_test.go:93	100	0	0	0	GOMAXPROCS=1
strconv	TestAllocationsFromBytes/AppendQuoteToGraphic	strconv/strconv_test.go:93	100	0	0	0	GOMAXPROCS=1
testing	TestAllocsPerRun	testing/allocs_test.go:25	100	1	0	0	GOMAXPROCS=1
testing	TestAllocsPerRun	testing/allocs_test.go:25	100	1	0	0	GOMAXPROCS=1
testing	TestAllocsPerRun	testing/allocs_test.go:25	100	1	0	0	GOMAXPROCS=1
testing	TestAllocsPerRun	testing/allocs_test.go:25	100	1	0	0	GOMAXPROCS=1
testing	TestAllocsPerRun	testing/allocs_test.go:25	100	1	0	0	GOMAXPROCS=1
time	TestCountMallocs	time/time_test.go:1109	100	0	0	0	GOMAXPROCS=1
time	TestCountMallocs	time/time_test.go:1109	100	0	0	0	GOMAXPROCS=1
time	TestCountMallocs	time/time_test.go:1109	100	0	0	0	GOMAXPROCS=1
time	TestCountMallocs	time/time_test.go:1109	100	0	0	0	GOMAXPROCS=1
time	TestUnmarshalTextAllocations	time/time_test.go:1723	100	0	0	0	GOMAXPROCS=1
