dd8b7ad9268c2fbde675132a41b4e4da02eef94d	VERSION
8a924caaf348fdc366bab906424616b2974ad4e9	src/database/sql/convert.go
8a924caaf348fdc366bab906424616b2974ad4e9	src/database/sql/fakedb_test.go
8a924caaf348fdc366bab906424616b2974ad4e9	src/database/sql/sql.go
8a924caaf348fdc366bab906424616b2974ad4e9	src/database/sql/sql_test.go
8fa31a2d7d9e60c50a3a94080c097b6e65773f4b	src/os/exec/dot_test.go
8fa31a2d7d9e60c50a3a94080c097b6e65773f4b	src/os/exec/exec.go
8fa31a2d7d9e60c50a3a94080c097b6e65773f4b	src/os/exec/lp_plan9.go
8fa31a2d7d9e60c50a3a94080c097b6e65773f4b	src/os/exec/lp_unix.go
8fa31a2d7d9e60c50a3a94080c097b6e65773f4b	src/os/exec/lp_windows.go
e8794e650e05fad07a33fb6e3266a9e677d13fa8	src/cmd/internal/obj/arm64/obj7.go
6c9c80b61198430eedfd02c98d4f5baf8abd085e	src/cmd/go/testdata/script/build_trimpath_cgo.txt
cea5be7739cb572204e4f41dd19f8bbbfc634034	src/cmd/cgo/internal/testsanitizers/cshared_test.go
cea5be7739cb572204e4f41dd19f8bbbfc634034	src/cmd/cgo/internal/testsanitizers/tsan_test.go
317a3c130e3b59171b3bd90e7a469fba76582444	src/runtime/proc.go
317a3c130e3b59171b3bd90e7a469fba76582444	src/runtime/runtime2.go
0a75dd7c2dcf7057ef200290d8f5c4c1514dba80	VERSION
e9d2c032b14c17083be0f8f0c822565199d2994f	doc/godebug.md
e9d2c032b14c17083be0f8f0c822565199d2994f	src/cmd/go/internal/load/pkg.go
e9d2c032b14c17083be0f8f0c822565199d2994f	src/cmd/go/internal/vcs/vcs.go
e9d2c032b14c17083be0f8f0c822565199d2994f	src/cmd/go/internal/vcs/vcs_test.go
e9d2c032b14c17083be0f8f0c822565199d2994f	src/cmd/go/testdata/script/test_multivcs.txt
e9d2c032b14c17083be0f8f0c822565199d2994f	src/cmd/go/testdata/script/version_buildvcs_nested.txt
e9d2c032b14c17083be0f8f0c822565199d2994f	src/internal/godebugs/godebugs_test.go
e9d2c032b14c17083be0f8f0c822565199d2994f	src/internal/godebugs/table.go
e9d2c032b14c17083be0f8f0c822565199d2994f	src/runtime/metrics/doc.go
e919b332534b520da300ecc84330dfaeede7669d	src/cmd/cgo/internal/testsanitizers/asan_test.go
e919b332534b520da300ecc84330dfaeede7669d	src/cmd/cgo/internal/testsanitizers/cc_test.go
e919b332534b520da300ecc84330dfaeede7669d	src/cmd/cgo/internal/testsanitizers/testdata/asan_global_asm/asm.s
e919b332534b520da300ecc84330dfaeede7669d	src/cmd/cgo/internal/testsanitizers/testdata/asan_global_asm/main.go
e919b332534b520da300ecc84330dfaeede7669d	src/cmd/cgo/internal/testsanitizers/testdata/asan_global_asm2_fail/asm.s
e919b332534b520da300ecc84330dfaeede7669d	src/cmd/cgo/internal/testsanitizers/testdata/asan_global_asm2_fail/main.go
e919b332534b520da300ecc84330dfaeede7669d	src/cmd/link/internal/loader/loader.go
c46a0e690de1b964be1999d1769177f159938226	src/runtime/arena.go
c46a0e690de1b964be1999d1769177f159938226	src/runtime/mcache.go
c46a0e690de1b964be1999d1769177f159938226	src/runtime/mcentral.go
c46a0e690de1b964be1999d1769177f159938226	src/runtime/mheap.go
136ea1ab7ed1509e38b4c61fc302b6cda8edf356	src/runtime/mgc.go
136ea1ab7ed1509e38b4c61fc302b6cda8edf356	src/runtime/mgcmark.go
136ea1ab7ed1509e38b4c61fc302b6cda8edf356	src/runtime/proc.go
136ea1ab7ed1509e38b4c61fc302b6cda8edf356	src/runtime/runtime2.go
136ea1ab7ed1509e38b4c61fc302b6cda8edf356	src/runtime/stack.go
136ea1ab7ed1509e38b4c61fc302b6cda8edf356	src/runtime/trace.go
136ea1ab7ed1509e38b4c61fc302b6cda8edf356	src/runtime/tracestatus.go
dac4567503215483ce47f82fa8d15463f6da2d1f	src/runtime/mprof.go
dac4567503215483ce47f82fa8d15463f6da2d1f	src/runtime/pprof/pprof_test.go
3eedbde2376a9f394f748029061ab4f884d3f243	src/cmd/compile/internal/ssa/_gen/AMD64Ops.go
3eedbde2376a9f394f748029061ab4f884d3f243	src/cmd/compile/internal/ssa/_gen/ARM64Ops.go
3eedbde2376a9f394f748029061ab4f884d3f243	src/cmd/compile/internal/ssa/opGen.go
3eedbde2376a9f394f748029061ab4f884d3f243	test/fixedbugs/issue73748a.go
3eedbde2376a9f394f748029061ab4f884d3f243	test/fixedbugs/issue73748b.go
d375ae50633cdf1cd8536f2a199c382f9053b638	VERSION
b897e97c36cb62629a458bc681723ca733404e32	src/net/http/client.go
b897e97c36cb62629a458bc681723ca733404e32	src/net/http/client_test.go
c2c89d95516d2a6b51aa1766ed5f76e542ab282c	src/os/os_test.go
c2c89d95516d2a6b51aa1766ed5f76e542ab282c	src/syscall/syscall_windows.go
8eeb1340b230321dc3b797e4b9836cc5ef8f316d	src/cmd/link/internal/loader/loader.go
8eeb1340b230321dc3b797e4b9836cc5ef8f316d	src/cmd/link/link_test.go
8eeb1340b230321dc3b797e4b9836cc5ef8f316d	src/cmd/link/testdata/linkname/textvar/asm.s
8eeb1340b230321dc3b797e4b9836cc5ef8f316d	src/cmd/link/testdata/linkname/textvar/main.go
4ca7c01706ad6da07aed882528e595a39edd085b	src/runtime/debug/mod.go
f77084d15d53e6aa09d2e7f867e69cc9766da2c5	VERSION
8ff45d1aa09d77d708a0ec4921817c6e6ee7ca85	src/runtime/sys_darwin_amd64.s
96537d504423f332bfa2e8335a936a041c46206c	src/cmd/link/internal/loader/loader.go
96537d504423f332bfa2e8335a936a041c46206c	src/cmd/link/link_test.go
96537d504423f332bfa2e8335a936a041c46206c	src/cmd/link/testdata/linkname/sched.go
7a2cfb70b01f069c2125adcf7126d7f3376cb8b7	VERSION
c72a2bad6833ba62dd8c875b9c8960bf833b3b59	src/cmd/internal/objabi/pkgspecial.go
c72a2bad6833ba62dd8c875b9c8960bf833b3b59	src/runtime/preempt.go
2c0a0fc6b92eff337a8eb8ff79d7a0e47ada2e46	src/internal/testenv/testenv.go
2c0a0fc6b92eff337a8eb8ff79d7a0e47ada2e46	src/runtime/crash_cgo_test.go
2c0a0fc6b92eff337a8eb8ff79d7a0e47ada2e46	src/runtime/pprof/pprof_test.go
c855149768c70eb349c2e9a42b03a8a30b99672e	src/runtime/cgocall.go
c855149768c70eb349c2e9a42b03a8a30b99672e	src/runtime/crash_cgo_test.go
c855149768c70eb349c2e9a42b03a8a30b99672e	src/runtime/runtime2.go
c855149768c70eb349c2e9a42b03a8a30b99672e	src/runtime/testdata/testprogcgo/callback_pprof.go
ec6e84df74912de47701091332a1d4eb78e93d08	src/internal/godebugs/table.go
15e01a2e43ecb8c7e15ff7e9d62fe3f10dcac931	src/net/http/internal/chunked.go
15e01a2e43ecb8c7e15ff7e9d62fe3f10dcac931	src/net/http/internal/chunked_test.go
15e01a2e43ecb8c7e15ff7e9d62fe3f10dcac931	src/net/http/serve_test.go
45aade7f1edd77409b967dafc58dc537f5ac34f6	src/cmd/internal/moddeps/moddeps_test.go
45aade7f1edd77409b967dafc58dc537f5ac34f6	src/go.mod
45aade7f1edd77409b967dafc58dc537f5ac34f6	src/go.sum
45aade7f1edd77409b967dafc58dc537f5ac34f6	src/vendor/modules.txt
c01c4d41d6b49bc6317f8cfb3a33a92f25681b34	VERSION
25177ecde0922c50753c043579d17828b7ee88e7	src/cmd/internal/moddeps/moddeps_test.go
25177ecde0922c50753c043579d17828b7ee88e7	src/vendor/golang.org/x/net/http/httpproxy/proxy.go
e4772831d315866deee0ea6a23ca82e39bd7725c	src/runtime/cgo/gcc_darwin_arm64.c
9facf1f2c25dbd3da63c394e9f7f46b56a53f7ae	src/runtime/cgo/cgo.go
9facf1f2c25dbd3da63c394e9f7f46b56a53f7ae	src/runtime/cgo/gcc_libinit.c
9facf1f2c25dbd3da63c394e9f7f46b56a53f7ae	src/runtime/cgo/gcc_libinit_windows.c
0fa31cb69f693cadb96535b67c166b7bd65d73b0	src/reflect/iter.go
0fa31cb69f693cadb96535b67c166b7bd65d73b0	src/reflect/iter_test.go
d89fda21d5fca4f19a3f70f4c0131dde63157a3e	src/reflect/iter.go
d89fda21d5fca4f19a3f70f4c0131dde63157a3e	src/reflect/iter_test.go
d89fda21d5fca4f19a3f70f4c0131dde63157a3e	src/reflect/value.go
acde84cf1b7b90bb7b3eb03b62efdda643a78f97	src/syscall/exec_linux.go
c57e2bd22c2ca4537987b696ec7ad141b8d8e5ed	src/os/exec/exec_posix_test.go
c57e2bd22c2ca4537987b696ec7ad141b8d8e5ed	src/syscall/exec_linux.go
2aaa3889710327925937e4bdfb0392d68a1e1afe	src/cmd/compile/internal/ssa/func.go
2aaa3889710327925937e4bdfb0392d68a1e1afe	src/cmd/compile/internal/ssagen/ssa.go
2aaa3889710327925937e4bdfb0392d68a1e1afe	src/runtime/panic.go
2aaa3889710327925937e4bdfb0392d68a1e1afe	test/fixedbugs/issue71675.go
2aaa3889710327925937e4bdfb0392d68a1e1afe	test/fixedbugs/issue71675.out
22fdd35c242b6bdc822483a03557a58291174673	src/runtime/sys_linux_s390x.s
a991f9c34d454d3d844f21dc08f2d05df35a8c60	VERSION
6644ed63b1e6ccc129647ef6b0d4647fdbe14056	src/crypto/internal/nistec/p256_asm_ppc64le.s
ab44565bcd9ad975b87ffd78c36c1fae1644d0bf	src/cmd/go/internal/modfetch/codehost/git.go
9cbbf5e0f4fe5231a5ad425638800618839de0a5	src/cmd/compile/internal/ssa/writebarrier.go
9cbbf5e0f4fe5231a5ad425638800618839de0a5	test/codegen/writebarrier.go
d04e3cbc9240e25de449dcae2ec33d03062f347b	VERSION
bb8230f80535945648e8b56739ad450cf433eba9	src/net/http/client.go
bb8230f80535945648e8b56739ad450cf433eba9	src/net/http/client_test.go
bb8230f80535945648e8b56739ad450cf433eba9	src/net/http/internal/testcert/testcert.go
fdb8413fe588ec6dc31f1deaf43eb7202a76bb79	src/crypto/x509/name_constraints_test.go
fdb8413fe588ec6dc31f1deaf43eb7202a76bb79	src/crypto/x509/verify.go
1dde0b484489653136a54df9932cc8d1c0fb6d1b	src/runtime/proc.go
3417000c69bc89c173cfafcf3f2a06a408b32880	src/crypto/tls/handshake_client_test.go
3417000c69bc89c173cfafcf3f2a06a408b32880	src/crypto/tls/handshake_server_test.go
3417000c69bc89c173cfafcf3f2a06a408b32880	src/crypto/tls/handshake_test.go
3417000c69bc89c173cfafcf3f2a06a408b32880	src/crypto/tls/tls_test.go
1576793c513c5cd8396d1a5b004b546e82efc033	src/internal/poll/sendfile_bsd.go
1576793c513c5cd8396d1a5b004b546e82efc033	src/net/sendfile_unix_alt.go
1576793c513c5cd8396d1a5b004b546e82efc033	src/net/sendfile_unix_test.go
59b7d40774b29bd1da1aa624f13233111aff4ad2	src/cmd/cgo/internal/testcarchive/carchive_test.go
59b7d40774b29bd1da1aa624f13233111aff4ad2	src/cmd/cgo/internal/testcarchive/testdata/libgo10/a.go
59b7d40774b29bd1da1aa624f13233111aff4ad2	src/cmd/cgo/internal/testcarchive/testdata/libgo9/a.go
59b7d40774b29bd1da1aa624f13233111aff4ad2	src/cmd/cgo/internal/testcarchive/testdata/main10.c
59b7d40774b29bd1da1aa624f13233111aff4ad2	src/cmd/cgo/internal/testcarchive/testdata/main9.c
59b7d40774b29bd1da1aa624f13233111aff4ad2	src/runtime/cgo/gcc_stack_unix.c
59b7d40774b29bd1da1aa624f13233111aff4ad2	src/runtime/cgocall.go
59b7d40774b29bd1da1aa624f13233111aff4ad2	src/runtime/proc.go
59b7d40774b29bd1da1aa624f13233111aff4ad2	src/runtime/runtime2.go
69c8cfe29bb677614c01f8dae3901d6954411af8	src/cmd/compile/internal/importer/gcimporter_test.go
69c8cfe29bb677614c01f8dae3901d6954411af8	src/cmd/compile/internal/importer/testdata/alias.go
69c8cfe29bb677614c01f8dae3901d6954411af8	src/cmd/compile/internal/importer/ureader.go
194de8fbfaf4c3ed54e1a3c1b14fc67a830b8d95	VERSION
5164a865e3de723f07976edac234c4d6a814128e	src/cmd/trace/gstate.go
25f042daecda1058baa25b213f1692d22ff5fb73	src/runtime/stack.go
be062b7f61486db3c93741e794bd51eda5cc6fce	src/runtime/mheap.go
d8adc6c4c7cc21d607a97aeaa6b7ffc4c2d76e65	src/runtime/export_test.go
d8adc6c4c7cc21d607a97aeaa6b7ffc4c2d76e65	src/runtime/gc_test.go
d8adc6c4c7cc21d607a97aeaa6b7ffc4c2d76e65	src/runtime/lockrank.go
d8adc6c4c7cc21d607a97aeaa6b7ffc4c2d76e65	src/runtime/mgc.go
d8adc6c4c7cc21d607a97aeaa6b7ffc4c2d76e65	src/runtime/mheap.go
d8adc6c4c7cc21d607a97aeaa6b7ffc4c2d76e65	src/runtime/mklockrank.go
d8adc6c4c7cc21d607a97aeaa6b7ffc4c2d76e65	src/runtime/runtime2.go
d8adc6c4c7cc21d607a97aeaa6b7ffc4c2d76e65	src/runtime/traceruntime.go
847cb6f9ca43da48cb10e98808a74a40b41242fa	src/syscall/dll_windows.go
847cb6f9ca43da48cb10e98808a74a40b41242fa	src/syscall/syscall_windows_test.go
777f43ab27bde4c662cd0a663f807f74f3fbab0f	src/time/time_test.go
3726f07c4650d266b58b828432b3f8dab6d553d7	src/cmd/compile/internal/escape/solve.go
3726f07c4650d266b58b828432b3f8dab6d553d7	src/cmd/compile/internal/ir/func.go
3726f07c4650d266b58b828432b3f8dab6d553d7	src/cmd/compile/internal/ir/sizeof_test.go
3726f07c4650d266b58b828432b3f8dab6d553d7	src/cmd/compile/internal/rangefunc/rangefunc_test.go
c390a1c22e8951263e6c01346a4281d604b25062	VERSION
1207de4f6c3739eb4339ff9eb5a794e9bdd7c4d2	src/runtime/syscall_windows.go
1207de4f6c3739eb4339ff9eb5a794e9bdd7c4d2	src/runtime/syscall_windows_test.go
a0d15cb9c8f3c35c96129857984d25446041f29e	src/runtime/mprof.go
a0d15cb9c8f3c35c96129857984d25446041f29e	src/runtime/pprof/mprof_test.go
a0d15cb9c8f3c35c96129857984d25446041f29e	src/runtime/pprof/pprof_test.go
958f3a0309855bc2e362e2951c70849ebec76f30	src/internal/poll/sendfile_bsd.go
6ba3a8a6ba5214ec88b83e39148de8cd540a6e94	src/internal/poll/sendfile_bsd.go
6ba3a8a6ba5214ec88b83e39148de8cd540a6e94	src/internal/poll/sendfile_linux.go
6ba3a8a6ba5214ec88b83e39148de8cd540a6e94	src/internal/poll/sendfile_solaris.go
6ba3a8a6ba5214ec88b83e39148de8cd540a6e94	src/os/copy_test.go
6ba3a8a6ba5214ec88b83e39148de8cd540a6e94	src/os/readfrom_linux_test.go
5472853843bd9ae72ddc107a556558d13e39b035	src/cmd/link/internal/ld/elf.go
5472853843bd9ae72ddc107a556558d13e39b035	src/cmd/link/internal/ld/macho.go
5472853843bd9ae72ddc107a556558d13e39b035	src/cmd/link/internal/ld/macho_update_uuid.go
5472853843bd9ae72ddc107a556558d13e39b035	src/cmd/link/internal/ld/main.go
5472853843bd9ae72ddc107a556558d13e39b035	test/fixedbugs/issue14636.go
cfe0ae0b7070048ceda021988b01fbc6a8589a1b	src/runtime/coro.go
cfe0ae0b7070048ceda021988b01fbc6a8589a1b	src/runtime/pprof/pprof_test.go
58babf6e0bf58cd81bb5a71744a1c195fba2d6c8	src/runtime/time.go
58babf6e0bf58cd81bb5a71744a1c195fba2d6c8	src/time/sleep_test.go
8d79bf799b46875b52bef6a47f89b73ead824160	src/runtime/time.go
8d79bf799b46875b52bef6a47f89b73ead824160	src/time/sleep_test.go
35c010ad6db5113f51e1867ab3d0108754a3264c	src/runtime/mprof.go
35c010ad6db5113f51e1867ab3d0108754a3264c	src/runtime/pprof/pprof_test.go
6495ce0495041ba28fdbad8ae8b0e0996481e6f4	src/syscall/exec_linux.go
7fc83126731de12449f7b38c32e2e318c439a6d4	src/os/pidfd_linux.go
7fc83126731de12449f7b38c32e2e318c439a6d4	src/syscall/exec_linux.go
cc16cdf48f228caebc55c982ed5b1b187ff39fcc	src/runtime/time.go
9563300f6e262589ae25c71d778bfcd646d4a750	src/os/pidfd_linux.go
9563300f6e262589ae25c71d778bfcd646d4a750	src/runtime/os_linux.go
9563300f6e262589ae25c71d778bfcd646d4a750	src/runtime/os_unix_nonlinux.go
9563300f6e262589ae25c71d778bfcd646d4a750	src/runtime/signal_unix.go
f8080edefd60c8740915f922cf8a4352e6658174	src/runtime/runtime-gdb_test.go
ed07b321aef7632f956ce991dd10fdd7e1abd827	VERSION
3b2e846e11d0c31a556b198f6c700745de5c9780	src/runtime/time.go
3b2e846e11d0c31a556b198f6c700745de5c9780	src/time/sleep_test.go
fbddfae62f19b5f04555aa593970ac4c6f5a38e5	src/cmd/compile/internal/escape/solve.go
fbddfae62f19b5f04555aa593970ac4c6f5a38e5	test/fixedbugs/issue69434.go
fbddfae62f19b5f04555aa593970ac4c6f5a38e5	test/fixedbugs/issue69507.go
c8c6f9abfbbd2f949285a527036a3d0dbd991e74	src/os/pidfd_linux_test.go
c8c6f9abfbbd2f949285a527036a3d0dbd991e74	src/syscall/exec_bsd.go
c8c6f9abfbbd2f949285a527036a3d0dbd991e74	src/syscall/exec_freebsd.go
c8c6f9abfbbd2f949285a527036a3d0dbd991e74	src/syscall/exec_libc.go
c8c6f9abfbbd2f949285a527036a3d0dbd991e74	src/syscall/exec_libc2.go
c8c6f9abfbbd2f949285a527036a3d0dbd991e74	src/syscall/exec_linux.go
c8c6f9abfbbd2f949285a527036a3d0dbd991e74	src/syscall/exec_unix.go
a74951c5af5498db5d4be0c14dcaa45fb452e23a	src/unique/handle.go
a74951c5af5498db5d4be0c14dcaa45fb452e23a	src/unique/handle_test.go
e6598e7baafa5650f82b9575c053a52c2601bf8f	src/os/exec_posix.go
e6598e7baafa5650f82b9575c053a52c2601bf8f	src/os/pidfd_linux.go
e6598e7baafa5650f82b9575c053a52c2601bf8f	src/os/pidfd_linux_test.go
e6598e7baafa5650f82b9575c053a52c2601bf8f	src/os/pidfd_other.go
82575f76b8473effd6aff0a8690582820380d4d4	src/internal/weak/pointer_test.go
82575f76b8473effd6aff0a8690582820380d4d4	src/runtime/mheap.go
a886959aa2fb1115096a937d3d8a2e921388752f	src/runtime/map.go
a886959aa2fb1115096a937d3d8a2e921388752f	test/fixedbugs/issue69110.go
80ff7cd35ad35e6518b539f4eb2517928c2f8945	src/cmd/cgo/gcc.go
80ff7cd35ad35e6518b539f4eb2517928c2f8945	src/cmd/cgo/internal/test/cgo_test.go
80ff7cd35ad35e6518b539f4eb2517928c2f8945	src/cmd/cgo/internal/test/test.go
