timestamp,pid,wall_s,cpu_s,ws_mb,threads
2026-08-24T17:01:34.5096952-05:00,9208,136,172,2093,27
2026-08-24T17:03:34.5176837-05:00,9208,256,345,3871,40
2026-08-24T17:05:34.5289970-05:00,9208,376,469,3880,30
2026-08-24T17:07:34.5419997-05:00,9208,496,653,5522,39
2026-08-24T17:09:34.5637271-05:00,9208,616,818,6459,29
2026-08-24T17:11:34.5771054-05:00,9208,736,937,6459,27
2026-08-24T17:13:34.6005528-05:00,9208,856,1496,6747,40
2026-08-24T17:15:34.6066729-05:00,9208,976,1891,8403,41
2026-08-24T17:17:34.6098935-05:00,9208,1096,2011,8426,27
2026-08-24T17:19:34.6261577-05:00,9208,1216,2130,8434,27
2026-08-24T17:21:34.6550562-05:00,9208,1336,2250,8446,27
2026-08-24T17:23:34.6775388-05:00,9208,1456,2370,8449,27
2026-08-24T17:25:34.7075540-05:00,9208,1576,2490,8453,27
2026-08-24T17:27:34.7171607-05:00,9208,1696,2610,8456,27
2026-08-24T17:29:34.7172084-05:00,9208,1816,2730,8018,27
2026-08-24T17:31:34.7269423-05:00,9208,1936,2849,8037,27
2026-08-24T17:33:34.7414651-05:00,9208,2056,2969,8040,27
2026-08-24T17:35:34.7503198-05:00,9208,2177,3089,8042,27
2026-08-24T17:37:34.7651641-05:00,9208,2297,3209,8047,27
2026-08-24T17:39:34.7738436-05:00,9208,2417,3328,8063,27
2026-08-24T17:41:34.7888474-05:00,9208,2537,3448,8076,27
2026-08-24T17:43:34.8039381-05:00,9208,2657,3568,8082,27
2026-08-24T17:45:34.8286717-05:00,9208,2777,3688,8077,27
2026-08-24T17:47:34.8536853-05:00,9208,2897,3808,8081,27
2026-08-24T17:49:34.8741451-05:00,9208,3017,3927,8085,27
2026-08-24T17:51:34.8893298-05:00,9208,3137,4047,8088,27
2026-08-24T17:53:34.9016163-05:00,9208,3257,4167,8091,27
2026-08-24T17:55:34.9242567-05:00,9208,3377,4287,8094,27
2026-08-24T17:57:34.9310448-05:00,9208,3497,4406,8097,27
2026-08-24T17:59:34.9435177-05:00,9208,3617,4538,8259,27
2026-08-24T18:01:34.9478650-05:00,9208,3737,4657,8259,27
2026-08-24T18:03:34.9486437-05:00,9208,3857,4777,7872,27
2026-08-24T18:05:34.9625098-05:00,9208,3977,4897,7873,27
2026-08-24T18:07:34.9647415-05:00,9208,4097,5017,7874,27
2026-08-24T18:09:34.9804471-05:00,9208,4217,5137,7876,27
2026-08-24T18:11:35.0036902-05:00,9208,4337,5256,7877,27
2026-08-24T18:13:35.0210593-05:00,9208,4457,5376,7877,27
2026-08-24T18:15:35.0274839-05:00,9208,4577,5496,7877,27
2026-08-24T18:17:35.0282879-05:00,9208,4697,5615,7861,27
2026-08-24T18:19:35.0436178-05:00,9208,4817,5735,7863,27
2026-08-24T18:21:35.0455547-05:00,9208,4937,5855,7864,27
2026-08-24T18:23:35.0596729-05:00,9208,5057,5975,7865,27
2026-08-24T18:25:35.0832638-05:00,9208,5177,6095,7866,27
2026-08-24T18:27:35.1032078-05:00,9208,5297,6214,7867,27
2026-08-24T18:29:35.1067059-05:00,9208,5417,6334,7869,27
2026-08-24T18:31:35.1215710-05:00,9208,5537,6454,7870,27
2026-08-24T18:33:35.1230656-05:00,9208,5657,6574,7871,27
2026-08-24T18:35:35.1233186-05:00,9208,5777,6693,7872,27
2026-08-24T18:37:35.1380416-05:00,9208,5897,6813,7873,27
2026-08-24T18:39:35.1541241-05:00,9208,6017,6933,7875,27
2026-08-24T18:41:35.1783668-05:00,9208,6137,7053,7876,27
2026-08-24T18:43:35.1896278-05:00,9208,6257,7172,7886,27
2026-08-24T18:45:35.2052234-05:00,9208,6377,7292,7889,27
2026-08-24T18:47:35.2216642-05:00,9208,6497,7412,7891,27
2026-08-24T18:49:35.2442573-05:00,9208,6617,7532,7893,27
2026-08-24T18:51:35.2608267-05:00,9208,6737,7652,7895,27
2026-08-24T18:53:35.2752304-05:00,9208,6857,7771,7896,27
2026-08-24T18:55:35.2913655-05:00,9208,6977,7891,7898,27
2026-08-24T18:57:35.3068125-05:00,9208,7097,8011,7899,27
2026-08-24T18:59:35.3307839-05:00,9208,7217,8131,7900,27
2026-08-24T19:01:35.3448638-05:00,9208,7337,8250,7901,27
2026-08-24T19:03:35.3549528-05:00,9208,7457,8370,7902,27
2026-08-24T19:05:35.3633574-05:00,9208,7577,8490,7903,27
2026-08-24T19:07:35.3707512-05:00,9208,7697,8610,7904,27
2026-08-24T19:09:35.3863215-05:00,9208,7817,8729,7905,27
2026-08-24T19:11:35.3863892-05:00,9208,7937,8849,7907,27
2026-08-24T19:13:35.4019042-05:00,9208,8057,8969,7927,27
2026-08-24T19:15:35.4101771-05:00,9208,8177,9089,7930,27
2026-08-24T19:17:35.4195054-05:00,9208,8297,9208,7923,27
2026-08-24T19:19:35.4331433-05:00,9208,8417,9328,7925,27
2026-08-24T19:21:35.4342387-05:00,9208,8537,9448,7927,27
2026-08-24T19:23:35.4485718-05:00,9208,8657,9568,7928,27
2026-08-24T19:25:35.4504396-05:00,9208,8777,9687,7930,27
2026-08-24T19:27:35.4741628-05:00,9208,8897,9807,7931,27
2026-08-24T19:29:35.4845418-05:00,9208,9017,9927,7932,27
2026-08-24T19:31:35.4966857-05:00,9208,9137,10047,7933,27
2026-08-24T19:33:35.5129051-05:00,9208,9257,10167,7935,27
2026-08-24T19:35:35.5150389-05:00,9208,9377,10286,7936,27
2026-08-24T19:37:35.5405593-05:00,9208,9497,10406,7937,27
2026-08-24T19:39:35.5465220-05:00,9208,9617,10526,7937,27
2026-08-24T19:41:35.5674970-05:00,9208,9737,10646,7939,27
2026-08-24T19:43:35.5822581-05:00,9208,9857,10765,7941,27
2026-08-24T19:45:35.5925976-05:00,9208,9977,10885,7947,27
2026-08-24T19:47:35.6106092-05:00,9208,10097,11005,7949,27
2026-08-24T19:49:35.6241673-05:00,9208,10217,11125,7950,27
2026-08-24T19:51:35.6395560-05:00,9208,10337,11245,7943,27
2026-08-24T19:53:35.6554000-05:00,9208,10457,11364,7945,27
2026-08-24T19:55:35.6589800-05:00,9208,10577,11484,7946,27
2026-08-24T19:57:35.6739129-05:00,9208,10697,11604,7947,27
2026-08-24T19:59:35.6866585-05:00,9208,10817,11724,7949,27
2026-08-24T20:01:35.7062478-05:00,9208,10937,11843,7950,27
2026-08-24T20:03:35.7219982-05:00,9208,11057,11963,7951,27
2026-08-24T20:05:35.7359141-05:00,9208,11177,12083,7952,27
2026-08-24T20:07:35.7514260-05:00,9208,11298,12203,7953,27
2026-08-24T20:09:35.7530230-05:00,9208,11418,12322,7954,27
2026-08-24T20:11:35.7668233-05:00,9208,11538,12442,7956,27
2026-08-24T20:13:35.7824970-05:00,9208,11658,12562,7958,27
2026-08-24T20:15:35.8073782-05:00,9208,11778,12754,14950,27
2026-08-24T20:17:35.8435142-05:00,sampler-exit,,,,
