timestamp,pid,wall_s,cpu_s,ws_mb,ws_peak_mb,threads
2026-08-24T20:29:16.2847531-05:00,3744,115,152,2191,2191,39
2026-08-24T20:31:16.4956945-05:00,3744,235,304,3073,3073,39
2026-08-24T20:33:16.6257528-05:00,3744,355,452,3910,3920,31
2026-08-24T20:35:16.7507213-05:00,3744,475,615,5041,4774,39
2026-08-24T20:37:16.8947811-05:00,3744,595,790,7386,7386,39
2026-08-24T20:39:17.0396248-05:00,3744,715,910,7386,7386,27
2026-08-24T20:41:17.2078242-05:00,3744,835,1255,7349,7404,39
2026-08-24T20:43:17.4507428-05:00,3744,956,1867,9511,9311,39
2026-08-24T20:45:17.6272269-05:00,3744,1076,2039,9714,9715,27
2026-08-24T20:47:17.7844588-05:00,3744,1196,2159,9721,9720,28
2026-08-24T20:49:17.9241239-05:00,3744,1316,2279,9722,9721,27
2026-08-24T20:51:18.0175887-05:00,3744,1436,2398,9205,9722,27
2026-08-24T20:53:18.1591908-05:00,3744,1556,2518,9207,9207,27
2026-08-24T20:55:18.3314506-05:00,3744,1677,2638,9208,9208,27
2026-08-24T20:57:18.5284965-05:00,3744,1797,2758,9210,9209,27
2026-08-24T20:59:18.6379617-05:00,3744,1917,2878,9211,9211,27
2026-08-24T21:01:18.7484234-05:00,3744,2037,2998,9227,9227,27
2026-08-24T21:03:18.8783660-05:00,3744,2157,3118,9228,9228,27
2026-08-24T21:05:19.0043599-05:00,3744,2277,3238,9229,9229,27
2026-08-24T21:07:19.1635140-05:00,3744,2397,3358,9229,9229,27
2026-08-24T21:09:19.3322133-05:00,3744,2518,3478,9232,9232,27
2026-08-24T21:11:19.4647459-05:00,3744,2638,3598,9242,9242,27
2026-08-24T21:13:19.6066215-05:00,3744,2758,3718,9244,9244,27
2026-08-24T21:15:19.7338021-05:00,3744,2878,3838,9245,9245,27
2026-08-24T21:17:19.8605466-05:00,3744,2998,3958,9246,9246,27
2026-08-24T21:19:20.0045930-05:00,3744,3118,4077,9246,9246,27
2026-08-24T21:21:20.1630450-05:00,3744,3238,4197,9240,9247,27
2026-08-24T21:23:20.3689312-05:00,3744,3359,4318,9241,9241,27
2026-08-24T21:25:20.5149273-05:00,3744,3479,4437,9242,9242,27
2026-08-24T21:27:20.6578018-05:00,3744,3599,4557,9243,9243,27
2026-08-24T21:29:20.7678708-05:00,3744,3719,4677,9244,9244,27
2026-08-24T21:31:20.9567582-05:00,3744,3839,4797,9245,9245,27
2026-08-24T21:33:21.1294504-05:00,3744,3959,4917,9246,9246,27
2026-08-24T21:35:21.2790758-05:00,3744,4080,5037,9246,9246,27
2026-08-24T21:37:21.4802906-05:00,3744,4200,5157,9247,9247,27
2026-08-24T21:39:21.6233876-05:00,3744,4320,5277,9248,9248,27
2026-08-24T21:41:21.8282298-05:00,3744,4440,5397,9248,9248,27
2026-08-24T21:43:22.0170985-05:00,3744,4560,5517,9250,9250,27
2026-08-24T21:45:22.1896987-05:00,3744,4680,5637,9251,9251,27
2026-08-24T21:47:22.3830763-05:00,3744,4801,5757,9255,9255,27
2026-08-24T21:49:22.5268308-05:00,3744,4921,5877,9257,9257,27
2026-08-24T21:51:22.6724230-05:00,3744,5041,5997,9249,9257,27
2026-08-24T21:53:22.8176041-05:00,3744,5161,6116,9250,9250,27
2026-08-24T21:55:22.9683303-05:00,3744,5281,6236,9252,9252,27
2026-08-24T21:57:23.1142029-05:00,3744,5401,6356,9253,9253,27
2026-08-24T21:59:23.2925310-05:00,3744,5522,6476,9254,9254,27
2026-08-24T22:01:23.4468551-05:00,3744,5642,6596,9255,9255,27
2026-08-24T22:03:23.6072214-05:00,3744,5762,6716,9256,9256,27
2026-08-24T22:05:23.7673770-05:00,3744,5882,6836,9257,9257,27
2026-08-24T22:07:23.9098335-05:00,3744,6002,6956,9258,9258,27
2026-08-24T22:09:24.0497908-05:00,3744,6122,7076,9259,9259,27
2026-08-24T22:11:24.2119667-05:00,3744,6242,7195,9259,9259,27
2026-08-24T22:13:24.3937524-05:00,3744,6363,7315,9260,9260,27
2026-08-24T22:15:24.5481519-05:00,3744,6483,7435,9261,9261,29
2026-08-24T22:17:24.7327883-05:00,3744,6603,7555,9262,9262,27
2026-08-24T22:19:24.9355543-05:00,3744,6723,7675,9263,9263,27
2026-08-24T22:21:25.1381529-05:00,3744,6843,7795,9273,9272,27
2026-08-24T22:23:25.2974011-05:00,3744,6964,7914,9277,9276,27
2026-08-24T22:25:25.4703851-05:00,3744,7084,8034,9279,9279,27
2026-08-24T22:27:25.6544914-05:00,3744,7204,8154,9281,9281,27
2026-08-24T22:29:25.8161976-05:00,3744,7324,8274,9282,9282,27
2026-08-24T22:31:25.9835973-05:00,3744,7444,8394,9283,9283,27
2026-08-24T22:33:26.1387650-05:00,3744,7564,8514,7952,9283,27
2026-08-24T22:35:26.2600856-05:00,3744,7684,8634,7953,7953,27
2026-08-24T22:37:26.4644248-05:00,3744,7805,8754,7954,7954,27
2026-08-24T22:39:26.6398200-05:00,3744,7925,8874,7955,7955,27
2026-08-24T22:41:26.7779673-05:00,3744,8045,8994,7956,7956,27
2026-08-24T22:43:26.9158480-05:00,3744,8165,9113,7957,7957,27
2026-08-24T22:45:27.1030638-05:00,3744,8285,9233,7958,7958,27
2026-08-24T22:47:27.2465089-05:00,3744,8405,9353,5150,7958,27
2026-08-24T22:49:27.4116127-05:00,3744,8526,9473,5152,5152,27
2026-08-24T22:51:27.5468590-05:00,3744,8646,9593,5154,5153,27
2026-08-24T22:53:27.7465110-05:00,3744,8766,9713,5157,5157,27
2026-08-24T22:55:27.9029032-05:00,3744,8886,9833,5161,5161,27
2026-08-24T22:57:28.0779055-05:00,3744,9006,9953,5200,5200,27
2026-08-24T22:59:28.2829176-05:00,3744,9127,10073,5206,5206,27
2026-08-24T23:01:28.4652160-05:00,3744,9247,10193,5210,5210,27
2026-08-24T23:03:28.5902861-05:00,3744,9367,10312,5214,5213,27
2026-08-24T23:05:28.7769808-05:00,3744,9487,10432,5217,5216,27
2026-08-24T23:07:28.8910416-05:00,3744,9607,10552,5209,5218,27
2026-08-24T23:09:29.0455139-05:00,3744,9727,10672,5212,5212,27
2026-08-24T23:11:29.2178989-05:00,3744,9847,10792,5215,5215,27
2026-08-24T23:13:29.3724119-05:00,3744,9968,10912,5217,5217,27
2026-08-24T23:15:29.5909300-05:00,3744,10088,11032,5220,5220,27
2026-08-24T23:17:29.7565031-05:00,3744,10208,11152,5222,5222,27
2026-08-24T23:19:29.9069664-05:00,3744,10328,11272,5224,5224,27
2026-08-24T23:21:30.0819307-05:00,3744,10448,11392,5226,5226,27
2026-08-24T23:23:30.2491580-05:00,3744,10568,11512,5228,5228,27
2026-08-24T23:25:30.4164795-05:00,3744,10689,11632,5230,5229,27
2026-08-24T23:27:30.5743486-05:00,3744,10809,11752,5234,5234,27
2026-08-24T23:29:30.7319979-05:00,3744,10929,11871,5238,5237,27
2026-08-24T23:31:30.9026779-05:00,3744,11049,11991,5264,5263,27
2026-08-24T23:33:31.0623736-05:00,3744,11169,12111,5272,5272,27
2026-08-24T23:35:31.2161885-05:00,3744,11289,12231,5278,5277,27
2026-08-24T23:37:31.3859514-05:00,3744,11410,12351,5282,5281,27
2026-08-24T23:39:31.5273201-05:00,3744,11530,12471,5285,5285,27
2026-08-24T23:41:31.6657304-05:00,3744,11650,12591,5288,5288,27
2026-08-24T23:43:31.8125412-05:00,3744,11770,12710,5291,5291,27
2026-08-24T23:45:32.0030420-05:00,3744,11890,12830,5294,5294,27
2026-08-24T23:47:32.1858990-05:00,3744,12010,12950,5296,5296,27
2026-08-24T23:49:32.3776641-05:00,3744,12131,13070,5299,5299,27
2026-08-24T23:51:32.5487917-05:00,3744,12251,13190,5301,5301,27
2026-08-24T23:53:32.6863190-05:00,3744,12371,13310,5303,5303,27
2026-08-24T23:55:31.6651071-05:00,3744,12490,13430,5305,5305,27
2026-08-24T23:57:31.8051369-05:00,3744,12610,13550,5307,5307,27
2026-08-24T23:59:31.9796892-05:00,3744,12730,13670,5308,5308,27
2026-08-25T00:01:32.1786630-05:00,3744,12850,13790,5312,5312,27
2026-08-25T00:03:32.3318830-05:00,3744,12971,13910,5316,5316,27
2026-08-25T00:05:32.5280599-05:00,3744,13091,14159,17364,16664,27
2026-08-25T00:07:32.7124977-05:00,3744,,,,18406,
2026-08-25T00:09:32.8654468-05:00,21572,108,145,2249,2249,39
2026-08-25T00:11:33.0724675-05:00,21572,228,292,3148,3148,39
2026-08-25T00:13:33.2593735-05:00,21572,349,441,3919,3919,29
2026-08-25T00:15:33.5818425-05:00,21572,469,600,4981,4708,39
2026-08-25T00:17:33.7303779-05:00,21572,589,787,6377,6554,39
2026-08-25T00:19:33.8975015-05:00,21572,709,907,6376,6377,27
2026-08-25T00:21:34.0987315-05:00,21572,830,1171,6468,6399,39
2026-08-25T00:23:34.4265557-05:00,21572,950,1828,7485,7484,39
2026-08-25T00:25:34.6091513-05:00,21572,1070,2028,8845,8844,41
2026-08-25T00:27:34.7407570-05:00,21572,1190,2148,8860,8860,27
2026-08-25T00:29:34.8960307-05:00,21572,1310,2267,8866,8866,27
2026-08-25T00:31:35.0342952-05:00,21572,1430,2387,8870,8870,27
2026-08-25T00:33:35.1788580-05:00,21572,1551,2507,8873,8873,27
2026-08-25T00:35:35.3493922-05:00,21572,1671,2627,8876,8876,27
2026-08-25T00:37:35.5380372-05:00,21572,1791,2747,8820,8879,27
2026-08-25T00:39:35.7032314-05:00,21572,1911,2867,8478,8811,27
2026-08-25T00:41:35.8865544-05:00,21572,2031,2987,8497,8497,27
2026-08-25T00:43:36.0259384-05:00,21572,2151,3107,8499,8499,27
2026-08-25T00:45:36.2262367-05:00,21572,2272,3227,8502,8501,27
2026-08-25T00:47:36.3860592-05:00,21572,2392,3347,8509,8509,27
2026-08-25T00:49:36.5233746-05:00,21572,2512,3466,8536,8535,27
2026-08-25T00:51:36.6662730-05:00,21572,2632,3586,8541,8541,27
2026-08-25T00:53:36.8269917-05:00,21572,2752,3706,8537,8544,27
2026-08-25T00:55:37.0061515-05:00,21572,2872,3826,8541,8541,27
2026-08-25T00:57:37.1518180-05:00,21572,2993,3946,8545,8545,27
2026-08-25T00:59:37.3314778-05:00,21572,3113,4066,8548,8548,27
2026-08-25T01:01:37.4961194-05:00,21572,3233,4186,8551,8551,27
2026-08-25T01:03:37.6978561-05:00,21572,3353,4306,8554,8554,27
2026-08-25T01:05:37.8817635-05:00,21572,3473,4426,8556,8556,27
2026-08-25T01:07:38.0206731-05:00,21572,3593,4546,8559,8559,27
2026-08-25T01:09:38.1953706-05:00,21572,3714,4665,8562,8561,27
2026-08-25T01:11:38.3807800-05:00,21572,3834,4785,8564,8564,27
2026-08-25T01:13:38.5521824-05:00,21572,3954,4905,8566,8566,27
2026-08-25T01:15:38.6862536-05:00,21572,4074,5025,8568,8568,27
2026-08-25T01:17:38.8364889-05:00,21572,4194,5145,8572,8572,27
2026-08-25T01:19:38.9750340-05:00,21572,4314,5265,8576,8576,27
2026-08-25T01:21:39.1350042-05:00,21572,4435,5384,8596,8596,27
2026-08-25T01:23:39.2864814-05:00,21572,4555,5504,8593,8601,27
2026-08-25T01:25:39.4638811-05:00,21572,4675,5636,8736,8891,27
2026-08-25T01:27:39.6037863-05:00,21572,4795,5756,8736,8736,27
2026-08-25T01:29:39.7763716-05:00,21572,4915,5876,8736,8736,27
2026-08-25T01:31:39.9461550-05:00,21572,5035,5996,8736,8736,27
2026-08-25T01:33:40.1168268-05:00,21572,5156,6116,8736,8736,27
2026-08-25T01:35:40.2752685-05:00,21572,5276,6235,8736,8736,27
2026-08-25T01:37:40.4168086-05:00,21572,5396,6355,8736,8736,27
2026-08-25T01:39:40.5861934-05:00,21572,5516,6475,8369,8736,27
2026-08-25T01:41:40.7568412-05:00,21572,5636,6595,8370,8370,27
2026-08-25T01:43:40.9264170-05:00,21572,5756,6715,8371,8371,27
2026-08-25T01:45:41.1031570-05:00,21572,5877,6835,8371,8371,27
2026-08-25T01:47:41.3015419-05:00,21572,5997,6955,8372,8372,27
2026-08-25T01:49:41.4588829-05:00,21572,6117,7075,8374,8374,27
2026-08-25T01:51:41.6241053-05:00,21572,6237,7195,8378,8375,27
2026-08-25T01:53:41.7567413-05:00,21572,6357,7315,8373,8383,27
2026-08-25T01:55:41.9016671-05:00,21572,6477,7435,8376,8375,27
2026-08-25T01:57:42.0841687-05:00,21572,6598,7555,8378,8378,27
2026-08-25T01:59:42.2897480-05:00,21572,6718,7675,8380,8380,27
2026-08-25T02:01:42.4284159-05:00,21572,6838,7794,8381,8381,27
2026-08-25T02:03:42.5853173-05:00,21572,6958,7914,8383,8383,27
2026-08-25T02:05:42.7386544-05:00,21572,7078,8034,8384,8384,27
2026-08-25T02:07:42.8994425-05:00,21572,7198,8154,8386,8385,27
2026-08-25T02:09:43.0420862-05:00,21572,7318,8274,8387,8387,27
2026-08-25T02:11:43.2383915-05:00,21572,7439,8394,8388,8388,27
2026-08-25T02:13:43.3826207-05:00,21572,7559,8514,8389,8389,27
2026-08-25T02:15:43.5402580-05:00,21572,7679,8634,8390,8390,27
2026-08-25T02:17:43.6947741-05:00,21572,7799,8754,8391,8391,27
2026-08-25T02:19:43.8489528-05:00,21572,7919,8874,8391,8391,27
2026-08-25T02:21:44.0432468-05:00,21572,8039,8993,8394,8394,27
2026-08-25T02:23:44.1886519-05:00,21572,8160,9113,8397,8396,27
2026-08-25T02:25:44.3368543-05:00,21572,8280,9233,8401,8401,27
2026-08-25T02:27:44.5107955-05:00,21572,8400,9353,8402,8402,27
2026-08-25T02:29:44.6333219-05:00,21572,8520,9473,8404,8403,27
2026-08-25T02:31:44.7909339-05:00,21572,8640,9593,8404,8404,27
2026-08-25T02:33:44.9208296-05:00,21572,8760,9713,8405,8405,27
2026-08-25T02:35:45.0396785-05:00,21572,8880,9833,8406,8406,27
2026-08-25T02:37:45.2077613-05:00,21572,9001,9953,8407,8407,27
2026-08-25T02:39:45.3639608-05:00,21572,9121,10073,8400,8407,27
2026-08-25T02:41:45.5238803-05:00,21572,9241,10193,8401,8401,27
2026-08-25T02:43:45.6638440-05:00,21572,9361,10312,8402,8402,27
2026-08-25T02:45:45.8347651-05:00,21572,9481,10432,8403,8403,27
2026-08-25T02:47:46.0114270-05:00,21572,9601,10552,8404,8404,27
2026-08-25T02:49:46.1524382-05:00,21572,9722,10672,8405,8405,27
2026-08-25T02:51:46.3315344-05:00,21572,9842,10792,8406,8406,27
2026-08-25T02:53:46.4877294-05:00,21572,9962,10912,8408,8408,27
2026-08-25T02:55:46.6652529-05:00,21572,10082,11032,8412,8412,27
2026-08-25T02:57:46.8219723-05:00,21572,10202,11152,8414,8414,27
2026-08-25T02:59:46.9582302-05:00,21572,10322,11272,8415,8415,27
2026-08-25T03:01:47.1636468-05:00,21572,10443,11391,8416,8416,27
2026-08-25T03:03:47.3209990-05:00,21572,10563,11511,8417,8417,27
2026-08-25T03:05:47.4738818-05:00,21572,10683,11631,8418,8418,27
2026-08-25T03:07:47.6139547-05:00,21572,10803,11751,8419,8419,27
2026-08-25T03:09:47.8083394-05:00,21572,10923,11871,8411,8419,27
2026-08-25T03:11:47.9806656-05:00,21572,11043,11991,8413,8412,27
2026-08-25T03:13:48.1532206-05:00,21572,11164,12111,8414,8414,27
2026-08-25T03:15:48.3643612-05:00,21572,11284,12231,8415,8415,27
2026-08-25T03:17:48.5084483-05:00,21572,11404,12350,8416,8416,27
2026-08-25T03:19:48.6817670-05:00,21572,11524,12470,8416,8416,27
2026-08-25T03:21:48.8745088-05:00,21572,11644,12590,8417,8417,27
2026-08-25T03:23:49.0691425-05:00,21572,11764,12710,8419,8418,27
2026-08-25T03:25:49.2385854-05:00,21572,11885,12830,8421,8420,27
2026-08-25T03:27:49.6644334-05:00,21572,12005,13016,14558,13295,27
2026-08-25T03:29:49.8371210-05:00,8076,31,55,1285,16490,39
2026-08-25T03:31:49.9796562-05:00,8076,151,186,2191,2191,27
2026-08-25T03:33:50.1226776-05:00,8076,271,366,3834,3834,39
2026-08-25T03:35:50.3070476-05:00,8076,391,501,4258,3834,39
2026-08-25T03:37:50.4607534-05:00,8076,511,671,5886,5574,39
2026-08-25T03:39:50.6344157-05:00,8076,632,822,7014,7333,29
2026-08-25T03:41:50.8057681-05:00,8076,752,942,7014,7014,27
2026-08-25T03:43:51.1359912-05:00,8076,872,1543,7773,7711,39
2026-08-25T03:45:51.3630492-05:00,8076,992,1925,9205,9202,41
2026-08-25T03:47:51.5600895-05:00,8076,1112,2045,9215,9215,27
2026-08-25T03:49:51.7103678-05:00,8076,1233,2165,9222,9221,27
2026-08-25T03:51:51.8857709-05:00,8076,1353,2285,9232,9225,27
2026-08-25T03:53:52.0527521-05:00,8076,1473,2405,9235,9235,27
2026-08-25T03:55:52.1911593-05:00,8076,1593,2525,8772,9235,27
2026-08-25T03:57:52.3338265-05:00,8076,1713,2645,8774,8774,27
2026-08-25T03:59:52.4879442-05:00,8076,1833,2765,8777,8777,27
2026-08-25T04:01:52.6664004-05:00,8076,1954,2884,8779,8779,27
2026-08-25T04:03:52.8367557-05:00,8076,2074,3004,8781,8781,27
2026-08-25T04:05:53.0069389-05:00,8076,2194,3124,8783,8783,27
2026-08-25T04:07:53.1702059-05:00,8076,2314,3244,8784,8784,27
2026-08-25T04:09:53.3688187-05:00,8076,2434,3364,8783,8785,27
2026-08-25T04:11:53.5550866-05:00,8076,2554,3484,8794,8787,27
2026-08-25T04:13:53.6926384-05:00,8076,2675,3604,8812,8811,27
2026-08-25T04:15:53.8353574-05:00,8076,2795,3724,8818,8818,27
2026-08-25T04:17:53.9944026-05:00,8076,2915,3844,8823,8822,27
2026-08-25T04:19:54.1507234-05:00,8076,3035,3964,8826,8826,27
2026-08-25T04:21:54.3353193-05:00,8076,3155,4084,8829,8829,27
2026-08-25T04:23:54.5130848-05:00,8076,3275,4203,8832,8832,27
2026-08-25T04:25:54.6793956-05:00,8076,3396,4323,8835,8835,27
2026-08-25T04:27:54.8497059-05:00,8076,3516,4443,8838,8837,27
2026-08-25T04:29:55.0237173-05:00,8076,3636,4563,8840,8840,27
2026-08-25T04:31:55.2420399-05:00,8076,3756,4683,8842,8842,27
2026-08-25T04:33:55.3471072-05:00,8076,3876,4803,8845,8845,27
2026-08-25T04:35:55.4314650-05:00,8076,3996,4923,8847,8847,27
2026-08-25T04:37:55.5749355-05:00,8076,4116,5043,8849,8849,27
2026-08-25T04:39:55.7341517-05:00,8076,4237,5163,8851,8851,27
2026-08-25T04:41:55.8961883-05:00,8076,4357,5283,8853,8853,27
2026-08-25T04:43:56.0466784-05:00,8076,4477,5403,8857,8856,27
2026-08-25T04:45:56.2385794-05:00,8076,4597,5523,8860,8860,27
2026-08-25T04:47:56.3488818-05:00,8076,4717,5643,8880,8879,27
2026-08-25T04:49:56.4928888-05:00,8076,4837,5763,8889,8889,27
2026-08-25T04:51:56.6686872-05:00,8076,4958,5894,9166,9166,27
2026-08-25T04:53:56.8030841-05:00,8076,5078,6014,9166,9166,27
2026-08-25T04:55:56.9510950-05:00,8076,5198,6134,8783,9166,27
2026-08-25T04:57:57.1253610-05:00,8076,5318,6254,8784,8784,27
2026-08-25T04:59:57.3338377-05:00,8076,5438,6374,8785,8785,27
2026-08-25T05:01:57.4908500-05:00,8076,5558,6494,8787,8787,27
2026-08-25T05:03:57.6610483-05:00,8076,5679,6614,8788,8788,27
2026-08-25T05:05:57.7936238-05:00,8076,5799,6733,8789,8789,27
2026-08-25T05:07:57.9630759-05:00,8076,5919,6853,8790,8790,27
2026-08-25T05:09:58.1308017-05:00,8076,6039,6973,8791,8791,27
2026-08-25T05:11:58.2846685-05:00,8076,6159,7093,8791,8791,27
2026-08-25T05:13:58.4268673-05:00,8076,6279,7213,8792,8792,27
2026-08-25T05:15:58.5978394-05:00,8076,6399,7333,8793,8793,27
2026-08-25T05:17:58.7385776-05:00,8076,6520,7453,8794,8794,27
2026-08-25T05:19:58.9010846-05:00,8076,6640,7573,8796,8796,27
2026-08-25T05:21:59.0546346-05:00,8076,6760,7693,8798,8798,27
2026-08-25T05:23:59.2387590-05:00,8076,6880,7813,8798,8798,27
2026-08-25T05:25:59.4129934-05:00,8076,7000,7933,8798,8798,27
2026-08-25T05:27:59.5725703-05:00,8076,7120,8053,8779,8798,27
2026-08-25T05:29:59.7270019-05:00,8076,7241,8173,8780,8780,27
2026-08-25T05:31:59.8821036-05:00,8076,7361,8293,8782,8782,27
2026-08-25T05:34:00.0471875-05:00,8076,7481,8412,8783,8783,27
2026-08-25T05:36:00.2384723-05:00,8076,7601,8532,8784,8784,27
2026-08-25T05:38:00.3999159-05:00,8076,7721,8652,8785,8785,27
2026-08-25T05:40:00.5278918-05:00,8076,7841,8772,8787,8786,27
2026-08-25T05:42:00.6804982-05:00,8076,7962,8892,8788,8787,27
2026-08-25T05:44:00.8529634-05:00,8076,8082,9012,8789,8788,27
2026-08-25T05:46:00.9786142-05:00,8076,8202,9132,8790,8790,27
2026-08-25T05:48:01.1280814-05:00,8076,8322,9252,8790,8790,27
2026-08-25T05:50:01.3175865-05:00,8076,8442,9372,8791,8791,27
2026-08-25T05:52:01.4254247-05:00,8076,8562,9492,8793,8793,27
2026-08-25T05:54:01.5563872-05:00,8076,8682,9612,8794,8794,27
2026-08-25T05:56:01.6954734-05:00,8076,8803,9732,8817,8816,27
2026-08-25T05:58:01.8505929-05:00,8076,8923,9851,8805,8817,27
2026-08-25T06:00:02.0079440-05:00,8076,9043,9971,8808,8808,27
2026-08-25T06:02:02.1951175-05:00,8076,9163,10091,8810,8809,27
2026-08-25T06:04:02.3338013-05:00,8076,9283,10211,8811,8811,27
2026-08-25T06:06:02.4886248-05:00,8076,9403,10331,8813,8812,27
2026-08-25T06:08:02.6684294-05:00,8076,9524,10451,8814,8814,27
2026-08-25T06:10:02.8194682-05:00,8076,9644,10571,8815,8815,27
2026-08-25T06:12:02.9586299-05:00,8076,9764,10691,8816,8816,27
2026-08-25T06:14:03.1398356-05:00,8076,9884,10811,8817,8817,27
2026-08-25T06:16:03.3347556-05:00,8076,10004,10931,8818,8818,27
2026-08-25T06:18:03.4827152-05:00,8076,10124,11051,8820,8819,27
2026-08-25T06:20:03.6465406-05:00,8076,10245,11171,8820,8820,27
2026-08-25T06:22:03.8204976-05:00,8076,10365,11291,8821,8821,27
2026-08-25T06:24:03.9500691-05:00,8076,10485,11410,8822,8822,27
2026-08-25T06:26:04.1042293-05:00,8076,10605,11530,8824,8824,27
2026-08-25T06:28:04.2701317-05:00,8076,10725,11650,8829,8826,27
2026-08-25T06:30:04.4279920-05:00,8076,10845,11770,8835,8835,27
2026-08-25T06:32:04.5891479-05:00,8076,10965,11890,8838,8838,27
2026-08-25T06:34:04.7396433-05:00,8076,11086,12010,8840,8840,27
2026-08-25T06:36:04.8886235-05:00,8076,11206,12130,8842,8842,27
2026-08-25T06:38:05.0241446-05:00,8076,11326,12250,8843,8843,27
2026-08-25T06:40:05.2202784-05:00,8076,11446,12370,8845,8844,27
2026-08-25T06:42:05.3690270-05:00,8076,11566,12490,8846,8846,27
2026-08-25T06:44:05.5548069-05:00,8076,11686,12610,8847,8847,27
2026-08-25T06:46:05.7118270-05:00,8076,11807,12730,8848,8848,27
2026-08-25T06:48:05.8658299-05:00,8076,11927,12849,8849,8849,27
2026-08-25T06:50:05.9972997-05:00,8076,12047,12969,8850,8850,27
2026-08-25T06:52:06.1535257-05:00,8076,12167,13089,8851,8851,27
2026-08-25T06:54:06.3175673-05:00,8076,12287,13209,8852,8852,27
2026-08-25T06:56:06.4590698-05:00,8076,12407,13329,8853,8853,27
2026-08-25T06:58:06.6013524-05:00,8076,12527,13449,8855,8855,27
2026-08-25T07:00:06.7396211-05:00,8076,12648,13569,8856,8856,27
2026-08-25T07:02:06.8762548-05:00,8076,12768,13746,14148,12958,27
2026-08-25T07:04:07.0271448-05:00,16324,17,26,720,18564,42
2026-08-25T07:06:07.2551266-05:00,5984,84,118,2051,2051,39
2026-08-25T07:08:07.5115157-05:00,5984,204,269,3066,3066,39
2026-08-25T07:10:07.7281932-05:00,22624,38,65,1957,3066,39
2026-08-25T07:12:07.8864010-05:00,22624,158,214,2613,2265,39
2026-08-25T07:14:08.0522923-05:00,22624,,,,3375,
2026-08-25T07:16:08.2254621-05:00,sampler-exit,,,,,
